SeniorCitizen,tenure,MonthlyCharges,TotalCharges,contract_months,autopay_flag,total_services,support_services_count,num_streaming,multiple_lines_flag,customerID,y_true,y_pred_rf,y_proba_rf,y_pred_lr,y_proba_lr,risk_decile
0,52,80.2,4297.6,12,0,1,1,0,1,5343-SGUBI,0,0,0.12147492046466515,0,0.13906258028947402,6
0,33,24.25,838.5,1,1,0,0,0,1,5442-BXVND,0,0,0.13092341246728206,0,0.09720971356662973,6
0,10,53.7,521.0,24,1,5,4,1,0,6434-TTGJP,0,0,0.0693187918273997,0,0.025783982600663145,7
0,1,85.0,85.0,1,0,2,1,1,0,1628-BIZYP,0,1,0.785390646440744,1,0.6528828979867969,0
0,52,50.2,2554.0,24,0,4,3,1,0,0298-XACET,0,0,0.04777417333453629,0,0.010658060533453063,7
1,16,96.4,1581.2,1,0,2,0,2,1,8245-UMPYT,1,1,0.6225324471735548,1,0.8095858069936843,0
0,18,50.3,908.75,1,0,1,1,0,0,5366-OBVMR,0,0,0.22359706356157943,0,0.26687195572359435,4
0,63,89.4,5597.65,24,1,6,4,2,1,1187-WILMM,0,0,0.031827523361557364,0,0.019879615260966717,8
1,24,79.85,1857.75,1,0,1,1,0,1,0537-QYZZN,0,0,0.4562615157908714,1,0.5349093812079442,2
0,9,74.85,708.2,1,0,1,1,0,0,8778-LMWTJ,0,1,0.5063672743210412,1,0.5030073029023456,1
0,1,84.6,84.6,1,0,1,0,1,1,4912-PIGUY,0,1,0.8624786549987925,1,0.745278597666902,0
0,46,40.4,1842.7,24,1,3,3,0,0,9674-EHPPG,0,0,0.03598995856775294,0,0.006267263235159682,8
1,26,91.25,2351.8,1,0,2,0,2,0,6712-OAWRH,1,1,0.5008799227075056,1,0.7122699663855284,1
0,1,19.3,19.3,1,0,0,0,0,0,4667-OHGKG,1,0,0.3400618492174934,0,0.28493604841844195,3
0,68,105.25,7173.15,24,1,5,3,2,0,4378-MYPGO,0,0,0.10910552821576752,0,0.040464689743195566,6
0,37,91.15,3369.25,1,0,2,1,1,1,9576-SYUHJ,0,0,0.40944281704565105,0,0.47311237380865023,2
0,50,103.95,5231.3,12,0,4,2,2,1,8033-VCZGH,0,0,0.2300085031679247,0,0.2518768358558387,4
0,36,94.8,3565.65,1,1,3,1,2,0,7982-VCELR,0,0,0.34933747903323836,0,0.4411696888830851,3
0,4,19.95,68.2,12,0,0,0,0,0,5619-XZZKR,0,0,0.04335559175449384,0,0.13623827032467092,8
1,14,90.45,1266.1,1,1,2,0,2,0,1236-WFCDV,1,1,0.5262936033432407,1,0.7138700775964445,1
1,1,49.25,49.25,1,1,1,1,0,0,9661-MHUMO,1,1,0.5527691246006466,0,0.3985915987813776,1
1,72,111.65,7943.45,24,0,5,3,2,1,2469-DTSGX,0,0,0.0725211590382398,0,0.09241845495518211,7
0,7,49.65,305.55,24,1,4,3,1,0,7021-XSNYE,0,0,0.09231823768195702,0,0.03576458270969078,6
0,12,20.1,223.6,1,0,0,0,0,0,9367-TCUYN,0,0,0.13805314235709404,0,0.2082898714430464,5
0,23,83.8,1900.25,1,0,3,3,0,0,0461-CVKMU,1,0,0.2952517724135917,0,0.29774103072355723,3
0,44,54.3,2390.45,24,1,4,2,2,0,7191-ADRGF,0,0,0.08683053237303906,0,0.01882412519520416,6
0,50,89.7,4304.5,24,1,3,2,1,0,4137-JOPHL,0,0,0.0544066405689348,0,0.045905321353097876,7
0,34,20.1,682.1,12,1,0,0,0,0,1776-SPBWV,0,0,0.015440698696397763,0,0.034478876297171036,9
0,31,80.55,2471.6,24,1,4,2,2,1,2245-ADZFJ,0,0,0.09535860642226479,0,0.07110114844595926,6
0,24,88.95,2072.75,1,1,2,1,1,1,0581-MDMPW,0,0,0.35096984444910334,0,0.46765396653373525,3
0,5,84.0,424.75,1,0,1,0,1,1,8739-XNIKG,0,1,0.7196355857885385,1,0.7193979011300389,0
1,18,59.1,1011.05,1,1,2,1,1,0,2195-VVRJF,0,0,0.3072614357552706,0,0.3518370960714518,3
1,65,108.8,7082.45,1,1,4,2,2,1,3761-FLYZI,0,0,0.3637068815439984,0,0.39375565018797776,3
0,23,20.85,473.9,1,0,0,0,0,0,2958-NHPPS,0,0,0.09823426351197259,0,0.14876564795491923,6
0,2,75.55,166.3,1,0,0,0,0,1,7817-BOQPW,1,1,0.6444385425039981,1,0.6671168991335409,0
0,18,87.9,1500.5,1,0,3,2,1,0,4660-IRIBM,0,0,0.40381121473461684,0,0.4648922121180626,2
0,17,98.6,1704.95,12,1,4,2,2,0,9254-RBFON,1,0,0.19009523198496614,0,0.30962837169451324,5
1,14,95.8,1346.3,1,0,2,0,2,1,0916-QOFDP,0,1,0.6626751340722583,1,0.8143107498732071,0
0,13,25.0,332.5,24,1,0,0,0,1,7996-BPXHY,0,0,0.03651718281068446,0,0.04074361639655512,8
0,28,82.85,2320.8,12,1,2,1,1,0,6421-SZVEM,0,0,0.11600426742909216,0,0.20602475694779268,6
0,58,24.35,1423.85,24,1,0,0,0,1,8361-LBRDI,0,0,0.015981454789482458,0,0.0072258143635155585,9
0,60,20.6,1093.0,24,0,0,0,0,0,2525-GVKQU,0,0,0.015599891741714141,0,0.006994921520916423,9
0,49,49.65,2409.9,24,1,3,1,2,0,1936-CZAKF,0,0,0.09799941090991164,0,0.019146624397970834,6
0,2,90.4,168.2,1,0,2,0,2,0,2034-GDRCN,1,1,0.6996938062716186,1,0.7697031960789652,0
0,26,95.85,2475.35,12,1,4,3,1,0,9909-DFRJA,0,0,0.13319898835288638,0,0.1689376675645593,6
0,3,29.9,92.25,1,0,1,1,0,0,9572-WUKSB,0,0,0.39393230891883846,0,0.2574751383852353,2
1,3,41.15,132.2,1,0,2,1,1,0,7273-TEFQD,1,1,0.5122439233180348,0,0.42656793060954684,1
0,61,24.1,1551.6,24,0,0,0,0,1,4018-PPNDW,0,0,0.020172573367321256,0,0.008747110193160447,9
0,7,98.05,713.0,1,1,3,1,2,1,0655-RBDUG,1,1,0.7370823069653806,1,0.6740418055994,0
0,1,18.8,18.8,12,0,0,0,0,0,2967-MXRAV,0,0,0.10237571240214859,0,0.14702992556865901,6
0,12,84.6,959.9,1,0,3,3,0,0,1319-YLZJG,0,0,0.4681104577116161,0,0.3731354430871408,2
0,25,81.75,2028.8,1,1,5,4,1,1,4002-BQWPQ,0,0,0.24090453925204297,0,0.1914383343893923,4
0,54,89.8,4667.0,1,0,3,2,1,0,4402-FTBXC,0,0,0.2897474389255825,0,0.24727161921554824,3
1,57,90.65,5199.8,12,0,3,2,1,0,5198-EFNBM,0,0,0.11152570147533514,0,0.16684132282616707,6
0,10,65.9,660.05,12,0,3,2,1,0,7919-ZODZZ,0,0,0.11929193825979817,0,0.20419342731097784,6
1,5,75.55,349.65,1,1,1,1,0,0,0506-LVNGN,1,0,0.49765687290236243,1,0.5460514142606385,1
0,29,45.0,1242.45,1,0,4,4,0,0,0076-LVEPS,0,0,0.2117845239029643,0,0.06686398810891125,4
0,59,99.45,5623.7,1,1,4,3,1,1,6627-CFOSN,0,0,0.2491635530272584,0,0.18666895709800427,4
0,52,20.65,1022.95,12,0,0,0,0,0,8191-XWSZG,0,0,0.021225493882354788,0,0.02355843763581703,9
1,2,74.7,165.4,1,0,1,1,0,0,2761-OCIAX,1,1,0.5736631523888276,1,0.6380076574308708,1
0,69,92.15,6480.9,24,0,3,2,1,0,1063-DHQJF,0,0,0.07707840377435028,0,0.042331063744325645,7
0,36,20.0,666.75,12,0,0,0,0,0,9824-QCJPK,0,0,0.013864602800750768,0,0.04244686598893652,9
0,15,69.0,994.8,1,1,0,0,0,0,6227-HWPWX,1,0,0.30596312060036746,0,0.4231923027890006,3
0,3,90.7,237.65,1,0,2,0,2,0,0432-CAJZV,0,1,0.6821625233970182,1,0.7655524347218915,0
0,1,45.95,45.95,1,0,0,0,0,0,7054-LGEQW,1,1,0.5404023333722969,0,0.45314492566398384,1
0,47,103.7,4730.6,12,0,5,3,2,0,2750-BJLSB,0,0,0.2157648839095188,0,0.18221748919303724,4
0,7,74.9,490.55,1,0,1,1,0,0,1475-VWVDO,0,1,0.5308696443296889,1,0.5158769574480864,1
0,24,55.65,1400.55,1,1,1,1,0,1,0733-VUNUW,1,0,0.19016510152350308,0,0.2227069761304663,5
0,24,55.15,1319.85,1,0,2,2,0,0,9143-CANJF,0,0,0.17492042845780909,0,0.19424515529792327,5
1,2,79.6,195.05,1,0,1,0,1,0,4713-LZDRV,1,1,0.6906938901975778,1,0.7616993522856581,0
0,40,20.15,804.85,24,0,0,0,0,0,4735-BJKOU,0,0,0.011488096930037803,0,0.015371430674140015,9
0,45,54.65,2553.7,24,1,2,2,0,0,1716-LSAMB,0,0,0.05678817093711955,0,0.015309501794459932,7
0,18,56.8,1074.65,1,1,1,1,0,1,2446-ZKVAF,0,0,0.22440120854531798,0,0.26599756257922846,4
0,6,20.15,130.5,1,1,0,0,0,0,7787-BNTZM,0,0,0.16537129753281885,0,0.1979016728334215,5
0,0,19.7,0.0,12,0,0,0,0,0,2923-ARZLG,0,0,0.09258153695527441,0,0.1552743082711907,6
0,36,104.8,3886.45,12,1,4,2,2,1,4480-MBMLB,0,0,0.20272024740542335,0,0.2704476681494716,4
1,25,88.4,2191.15,1,1,3,2,1,0,4526-ZJJTM,0,0,0.3069033583010643,0,0.43212548826835717,3
0,42,106.15,4512.7,1,1,4,2,2,1,7599-FKVXZ,1,0,0.43878049381403467,0,0.42898845166774374,2
0,20,90.2,1776.55,1,0,2,0,2,0,6319-IEJWJ,1,0,0.4911938162544019,1,0.6666405832919523,1
1,3,75.05,202.9,1,0,1,1,0,0,3966-HRMZA,0,1,0.5673543541401581,1,0.6317269137855984,1
0,18,24.65,471.35,24,1,0,0,0,1,9648-BCHKM,0,0,0.036508190328540725,0,0.03358264534069044,8
0,1,55.05,55.05,1,0,2,2,0,0,3577-AMVUX,0,0,0.4690171463596288,0,0.3435045474991527,2
0,41,106.5,4282.4,1,0,5,4,1,1,9822-WMWVG,0,0,0.36351942419457095,0,0.31524583778404364,3
0,1,74.5,74.5,1,0,0,0,0,1,4415-IJZTP,1,1,0.8003380020215536,1,0.6669297579333664,0
0,40,81.2,3292.3,1,0,1,1,0,1,6080-TCMYC,0,0,0.3846447963001395,0,0.34934775037729027,2
0,2,70.35,139.25,1,0,0,0,0,0,5442-BHQNG,0,1,0.5654384506506773,1,0.6108290508992553,1
0,30,51.2,1561.5,1,1,3,1,2,0,2091-MJTFX,1,0,0.22153519684993467,0,0.18299150251585264,4
0,2,19.4,61.05,1,0,0,0,0,0,2308-STERM,0,0,0.19962848139899964,0,0.2782138041547189,5
0,6,20.2,123.65,1,0,0,0,0,0,5850-BDWCY,0,0,0.1607126040061094,0,0.2511851786175031,5
0,1,50.45,50.45,1,0,1,1,0,0,7250-EQKIY,1,0,0.4936469633570445,0,0.3967040748405864,1
1,66,108.1,7181.95,12,1,5,3,2,1,6723-WSNTY,0,0,0.18386100700722158,0,0.16025030376144347,5
0,27,24.5,761.95,24,0,0,0,0,1,3812-LRZIR,0,0,0.03828401274979497,0,0.032474919795401985,8
0,18,57.45,990.85,1,0,2,1,1,0,4695-VADHF,1,0,0.25927782964986734,0,0.33177602837858644,4
1,71,89.45,6435.25,24,1,3,2,1,0,6726-NNFWD,0,0,0.05206151061660434,0,0.03751508748216299,7
0,23,85.6,1868.4,1,0,1,0,1,1,7892-QVYKW,0,0,0.48391976441176965,1,0.6107044990980772,1
0,9,20.4,184.1,1,0,0,0,0,0,8735-NBLWT,0,0,0.1583484326609909,0,0.23054188958674987,5
0,10,20.9,247.0,1,0,0,0,0,0,3847-BAERP,0,0,0.16512343486945738,0,0.227211121110987,5
0,72,75.4,5480.25,24,1,4,2,2,0,4751-ERMAN,0,0,0.05168202925506663,0,0.01675238961567852,7
0,31,65.25,1994.3,1,1,3,3,0,1,2930-UOTMB,1,0,0.15089881751270254,0,0.13007547815070214,5
1,14,104.85,1531.4,1,0,4,2,2,1,9221-OTIVJ,1,1,0.6281050765817178,1,0.7399575291464998,0
1,69,84.9,5785.65,1,1,2,2,0,1,3865-ZYKAD,0,0,0.24370522975736073,0,0.15849601380780157,4
0,1,84.85,84.85,1,0,2,1,1,0,2202-CUYXZ,1,1,0.785390646440744,1,0.6519484183710639,0
0,71,25.35,1847.55,24,1,0,0,0,1,0174-QRVVY,0,0,0.011963918350831904,0,0.004575793835726293,9
0,18,55.95,1082.8,1,0,1,0,1,0,8930-XOTDP,0,0,0.2712474841386617,0,0.40822183397608763,4
0,59,113.75,6561.25,24,0,6,4,2,1,7663-CUXZB,0,0,0.09945107671056705,0,0.06923025588096919,6
0,34,55.0,1885.15,12,0,2,2,0,0,2188-SXWVT,0,0,0.08019813746237442,0,0.07000453839033559,7
0,68,76.9,5023.0,12,1,4,3,1,1,3442-ZHHCC,0,0,0.08633972758578976,0,0.03247839662780753,7
0,15,19.35,278.85,24,0,0,0,0,0,2266-FUBDZ,0,0,0.022335626589431938,0,0.03922493865779801,9
0,4,105.65,443.9,12,0,5,3,2,0,3932-CMDTD,1,0,0.3819096176432569,0,0.42398133447291264,3
0,8,49.55,393.45,1,1,1,1,0,0,3345-PBBFH,0,0,0.28045660096854114,0,0.2700835165782244,4
1,5,70.05,302.6,1,0,0,0,0,0,6705-LXORM,0,1,0.5514004966913376,1,0.6656687275751694,1
0,54,89.4,4869.5,1,1,2,1,1,1,5136-GFPMB,0,0,0.29706261231600534,0,0.2798284531197503,3
0,23,90.6,1943.2,1,0,2,1,1,1,0376-YMCJC,1,0,0.4698337936799009,1,0.5607246517970034,2
1,37,76.5,2868.15,1,0,0,0,0,1,4846-WHAFZ,1,0,0.42578194554656595,1,0.5029239644211967,2
0,10,110.1,1043.3,1,0,6,4,2,0,9851-KIELU,1,1,0.5518778807581896,1,0.5312967266740981,1
1,17,76.45,1233.4,1,0,1,1,0,0,2528-HFYZX,1,0,0.436787810040544,1,0.536642878917275,2
0,3,55.8,154.55,1,0,2,2,0,0,7055-HNEOJ,0,0,0.3999048713736655,0,0.33257543056569605,2
0,72,81.0,5750.0,24,1,5,4,1,1,9114-DPSIA,0,0,0.02468360516129856,0,0.010059531673690307,8
0,15,18.8,294.95,12,0,0,0,0,0,6508-NJYRO,0,0,0.024529013056530453,0,0.09016217740480269,8
0,54,24.05,1230.9,24,1,0,0,0,1,3120-FAZKD,0,0,0.024646938224107417,0,0.008232489793129195,8
0,72,110.75,7751.7,24,0,5,3,2,1,2272-WUSPA,0,0,0.08845426274027571,0,0.06368891325048803,6
1,58,97.8,5458.8,12,1,3,1,2,1,2480-EJWYP,0,0,0.19121490178648692,0,0.23760273032461943,5
0,29,20.0,540.05,12,0,0,0,0,0,4709-LKHYG,0,0,0.01353076731296591,0,0.055331256543790334,9
1,2,89.5,161.5,1,0,2,1,1,1,5644-PDMZC,1,1,0.7796316004889005,1,0.7631515257759922,0
0,3,35.2,108.95,1,1,1,0,1,0,5759-RCVCB,1,0,0.48237336113586976,0,0.3182278016843267,1
1,25,89.05,2177.45,12,0,2,1,1,1,6946-LMSQS,1,0,0.19275879848267416,0,0.4201504937391479,5
0,53,60.6,3297.0,12,1,2,1,1,0,9640-ZSLDC,0,0,0.06347978797584662,0,0.05382228605769069,7
1,34,75.55,2425.4,1,0,0,0,0,1,8695-ARGXZ,0,0,0.42745203318046016,1,0.5105148185250517,2
0,60,94.4,5610.25,12,0,3,1,2,0,6270-OMFIW,1,0,0.19468389127975075,0,0.18870812010408058,5
0,57,70.1,3913.3,12,1,3,1,2,0,2325-ZUSFD,1,0,0.10912859852565962,0,0.07067412136980981,6
0,6,19.7,94.45,12,0,0,0,0,0,7762-ONLJY,0,0,0.04058979991941854,0,0.1262043168302822,8
0,1,24.8,24.8,1,0,0,0,0,0,1024-GUALD,1,0,0.46733765300598734,0,0.3166933330476219,2
0,7,66.85,458.1,1,0,2,0,2,0,8160-HOWOX,0,0,0.4020245758963995,1,0.5979325099989998,2
0,20,96.55,1901.65,1,0,4,3,1,0,2604-IJPDU,0,0,0.3878084320671402,0,0.43054450984126513,2
0,10,70.0,740.0,1,0,0,0,0,0,2482-CZGBB,1,0,0.483679622077991,1,0.5490587053083889,1
0,6,84.4,556.35,1,0,2,1,1,0,7005-CCBKV,1,1,0.6486179057229939,1,0.6173209183066976,0
0,22,80.15,1790.65,1,0,1,0,1,0,9779-DPNEJ,0,0,0.44817612716353267,1,0.558131080445824,2
0,26,98.35,2515.3,1,0,3,1,2,1,4735-ASGMA,1,1,0.5319203307244866,1,0.6276711761443794,1
0,35,55.6,2016.45,12,1,2,2,0,0,6693-DJWTY,0,0,0.06443584465063151,0,0.05222494617930866,7
1,17,45.05,770.6,1,0,0,0,0,0,4690-LLKUA,1,0,0.27391363090857557,0,0.3938875921523343,4
0,58,45.0,2689.35,12,1,2,0,2,0,6968-MHOMU,0,0,0.19487217947749777,0,0.041148499307177906,5
1,13,45.3,528.45,1,0,2,0,2,0,0749-IRGQE,0,0,0.40694659500862124,0,0.47777587074442784,2
0,39,100.55,3895.35,24,0,3,1,2,1,7641-TQFHN,0,0,0.2022504629823003,0,0.18654675529445483,4
0,66,67.45,4508.65,1,1,3,3,0,1,7520-HQWJU,0,0,0.12646263528970184,0,0.05079419424680626,6
1,46,91.3,4126.35,12,1,3,2,1,0,1707-HABPF,0,0,0.09920198832538835,0,0.1677698598743101,6
0,2,24.9,49.7,1,1,0,0,0,0,9638-JIQYA,0,0,0.3539191571088283,0,0.2475195113241456,3
1,7,101.95,700.85,1,0,3,1,2,1,8884-ADFVN,1,1,0.7888601512656658,1,0.8154347412374204,0
0,61,79.8,4914.8,12,0,4,2,2,1,9107-UKCKY,0,0,0.13407574236604514,0,0.09365830904791454,6
0,12,67.25,832.3,1,0,3,3,0,1,4672-FOTSD,0,0,0.23863110617227304,0,0.2859020132555833,4
0,10,85.6,813.85,1,0,1,0,1,1,7249-WBIYX,1,1,0.6833377716501077,1,0.6973382089146591,0
0,12,79.95,1043.4,1,1,1,0,1,0,2187-PKZAY,0,0,0.48265322659514154,1,0.5565755579243586,1
0,44,111.5,4915.15,1,0,5,3,2,1,2587-EKXTS,0,0,0.31505605192360353,0,0.4481987668534186,3
1,27,75.5,1893.95,1,0,0,0,0,1,1989-PRJHP,1,0,0.4259236040540162,1,0.5630584893666734,2
0,12,49.85,552.1,24,0,4,3,1,0,9928-BZVLZ,0,0,0.09541273795029269,0,0.04086795421285485,6
0,3,75.0,209.1,1,0,0,0,0,1,8676-TRMJS,1,1,0.635909569277883,1,0.6557386599875544,0
0,33,82.1,2603.1,24,1,5,3,2,0,1431-AIDJQ,0,0,0.06987796484828775,0,0.045453969432737135,7
0,31,55.25,1715.65,1,0,2,2,0,0,4701-MLJPN,1,0,0.17173726704590275,0,0.16045498356737248,5
1,40,98.15,4116.8,12,1,5,4,1,0,5996-NRVXR,0,0,0.11822111368569782,0,0.13362646571284453,6
0,59,85.55,5084.65,12,0,1,0,1,1,3313-QKNKB,1,0,0.2064677032767084,0,0.19913687887593354,4
0,47,96.1,4391.45,12,0,4,3,1,0,5014-WUQMG,0,0,0.13573380803512058,0,0.13402517488223628,6
0,51,69.15,3649.6,1,0,0,0,0,0,9701-CDXHR,0,0,0.3052121626274202,0,0.24857206095611384,3
0,13,20.0,218.55,12,0,0,0,0,0,4323-ELYYB,0,0,0.028347083895390854,0,0.09923035540633317,8
0,32,85.65,2664.3,1,1,1,0,1,1,9944-AEXBM,0,0,0.3753277702944252,0,0.4723574231667795,3
0,10,72.15,794.25,1,1,2,0,2,1,6331-LWDTQ,1,1,0.5504783880988207,1,0.5643987272701315,1
0,61,106.0,6547.7,12,0,4,2,2,1,5469-CTCWN,1,0,0.21999094445573278,0,0.21602245475338358,4
1,1,50.55,50.55,1,0,0,0,0,1,9058-CBREO,1,1,0.5854571015842402,1,0.5948675802041714,1
0,72,114.05,8468.2,24,1,6,4,2,1,4376-KFVRS,0,0,0.031230040289459384,0,0.041359895472097744,8
0,1,59.85,59.85,1,0,1,0,1,1,3877-JRJIP,1,1,0.5857251433815783,1,0.5971609498252877,1
0,60,106.15,6411.25,1,0,4,2,2,1,6377-WHAOX,0,0,0.3764607625424074,0,0.39172266924780846,3
0,55,19.35,1153.25,24,1,0,0,0,0,2075-PUEPR,0,0,0.020762761563321373,0,0.006224087081942618,9
1,34,64.2,2106.3,12,1,3,2,1,0,2522-WLNSF,0,0,0.08551488327978507,0,0.10369637096076931,7
0,1,69.9,69.9,1,0,0,0,0,0,5542-TBBWB,0,1,0.7802451520631749,1,0.6153810356346396,0
0,25,95.9,2448.75,1,0,3,1,2,0,8393-DLHGA,1,0,0.4800197928614371,1,0.5961126931876563,1
0,52,84.05,4326.8,1,1,3,3,0,0,7803-XOCCZ,0,0,0.20475907138488567,0,0.11882701868840845,4
0,61,99.9,6241.35,12,0,3,1,2,1,4937-QPZPO,0,0,0.21926211449294705,0,0.24040127185092755,4
1,7,51.3,419.35,1,0,1,1,0,0,5816-SCGFC,0,0,0.3556737363764577,0,0.4391052498302601,3
0,15,86.2,1270.2,1,0,2,1,1,0,3540-RZJYU,1,0,0.48992709160051345,1,0.5642934385721886,1
1,68,84.65,5683.6,1,0,2,2,0,1,4098-NAUKP,0,0,0.2976895057675756,0,0.20698197739486798,3
0,2,35.1,68.75,1,0,1,0,1,0,2485-ITVKB,1,1,0.5808689175770957,0,0.39614886701181706,1
0,50,35.0,1782.4,1,0,2,2,0,0,8582-KRHPJ,0,0,0.16957985430494027,0,0.047013016314617705,5
0,4,50.8,202.3,1,0,1,1,0,0,6257-RJOHI,0,0,0.3654906601712695,0,0.3744374887835795,3
1,1,25.05,25.05,1,0,0,0,0,0,0616-ATFGB,1,1,0.6793596760059344,0,0.39786044308584717,0
0,1,19.3,19.3,1,0,0,0,0,0,0761-AETCS,1,0,0.3400618492174934,0,0.28493604841844195,3
0,1,19.75,19.75,1,0,0,0,0,0,3930-ZGWVE,0,0,0.37798176204392325,0,0.2874615616573858,3
0,5,90.35,434.5,1,0,3,2,1,0,8212-DJRCH,0,1,0.6153019690672279,1,0.576584150624853,0
0,1,48.75,48.75,1,0,1,1,0,0,5207-PLSTK,0,1,0.500215742783187,0,0.38558236591642053,1
0,1,35.55,35.55,1,0,1,0,1,0,0841-NULXI,1,1,0.6409679721815569,0,0.40808283414984214,0
0,70,20.05,1360.25,24,1,0,0,0,0,1403-GYAFU,0,0,0.008167194713360243,0,0.0034652005566325798,9
0,33,20.15,682.15,12,0,0,0,0,0,5519-TEEUH,0,0,0.014256324141887107,0,0.04827804719889209,9
0,19,69.6,1394.55,1,0,2,0,2,1,6429-SHBCB,0,0,0.4076388664020953,1,0.5520880526976429,2
0,40,78.85,3126.85,1,1,1,1,0,1,2190-BCXEC,0,0,0.3101672356668481,0,0.2650531033402379,3
0,1,19.65,19.65,1,1,0,0,0,0,1194-SPVSP,0,0,0.3154088120944723,0,0.22839454369847695,3
0,58,44.1,2413.05,12,0,0,0,0,0,7636-PEPNS,0,0,0.07360590428828231,0,0.0425059165039312,7
1,30,90.5,2595.85,1,1,2,1,1,1,6741-EGCBI,0,0,0.3610148670659926,1,0.5222410926796374,3
0,67,72.35,4991.5,12,1,4,3,1,0,9359-UGBTK,0,0,0.0898526318611908,0,0.02715232425517512,6
1,7,74.4,527.9,1,0,0,0,0,1,8699-ASUFO,1,1,0.6459369388747911,1,0.7019364753288668,0
1,20,94.3,1818.3,12,1,4,3,1,0,4332-MUOEZ,0,0,0.13919517479192556,0,0.2426851215968861,5
0,56,59.5,3389.25,24,1,2,2,0,1,6681-ZSEXG,0,0,0.03821079983860464,0,0.013817634532487152,8
0,1,69.1,69.1,1,0,0,0,0,0,3716-BDVDB,1,1,0.7521341552530507,1,0.6101661577115659,0
0,63,39.35,2395.05,24,1,3,3,0,0,2162-FRZAA,0,0,0.03210553668165462,0,0.003230959219659267,8
0,7,75.45,480.75,1,0,0,0,0,1,7410-YTJIK,1,1,0.6148739275887641,1,0.6294361549085508,0
0,5,20.45,106.9,24,0,0,0,0,0,3717-FDJFU,0,0,0.043733488768568834,0,0.05902967454004905,8
0,7,94.05,633.45,12,0,3,1,2,0,9979-RGMZT,0,0,0.43919593638375887,0,0.4972632871030029,2
0,5,84.5,453.75,1,0,2,2,0,1,4919-IKATY,1,1,0.6497495905606813,1,0.537010907531768,0
0,70,110.2,7689.8,24,0,5,3,2,1,8707-HOEDG,0,0,0.12419171652559749,0,0.06738793638277227,6
0,67,69.35,4653.25,12,1,4,4,0,1,6332-FBZRI,0,0,0.05997627401197752,0,0.016719375025168046,7
0,61,101.05,5971.25,24,1,3,1,2,1,1095-WGNGG,0,0,0.11984506670959655,0,0.0855647901841902,6
0,22,100.65,2415.95,1,0,3,1,2,1,7392-YYPYJ,0,1,0.5673219193456336,1,0.6769722342772421,1
1,8,87.1,713.6,1,0,2,1,1,0,4884-ZTHVF,0,1,0.6679617880870434,1,0.6984098014786412,0
0,2,45.35,89.5,1,0,0,0,0,0,0322-CHQRU,1,0,0.45641396324420413,0,0.44027941425564254,2
0,72,82.3,5815.15,24,1,5,4,1,1,3071-MVJCD,0,0,0.024395586728118833,0,0.010528985610109566,8
0,72,26.0,1776.0,24,0,0,0,0,1,6917-FIJHC,0,0,0.016829347072347244,0,0.005987368825687041,9
0,29,19.55,521.8,24,0,0,0,0,0,0559-CKHUS,0,0,0.011714119789883523,0,0.02293415749134194,9
0,21,28.5,629.35,1,0,1,1,0,0,0668-OGMHD,0,0,0.23241196825351282,0,0.1443617924251431,4
1,44,74.85,3268.05,12,1,4,2,2,0,0134-XWXCE,0,0,0.11116744960939152,0,0.11889790179694623,6
0,72,104.9,7732.65,24,1,5,4,1,1,2984-TBYKU,0,0,0.04881965422396203,0,0.026227782548357635,7
0,60,59.85,3483.45,24,1,3,3,0,0,9372-TXXPS,0,0,0.025795958181686736,0,0.007638735163020356,8
0,5,51.0,286.8,1,0,1,1,0,0,4256-ZWTZI,0,0,0.33573209572068197,0,0.3689362658437306,3
0,67,75.5,5229.45,24,0,3,1,2,1,8311-UEUAB,0,0,0.10863017595726562,0,0.04161225640911553,6
0,2,70.3,144.0,1,0,0,0,0,0,9717-QEBGU,0,1,0.5654384506506773,1,0.6106878614248266,1
0,63,108.25,6780.1,1,1,5,3,2,1,1110-KYLGQ,0,0,0.21616915950695276,0,0.24734521483557176,4
0,5,78.75,426.35,1,0,1,0,1,0,6175-IRFIT,0,1,0.6257210588845079,1,0.6682742121183168,0
1,37,106.75,4056.75,1,1,4,2,2,1,9710-ZUSHQ,1,0,0.4672044630683678,1,0.5542405397838734,2
0,71,19.7,1301.1,24,1,0,0,0,0,4086-WITJG,0,0,0.01135166487271378,0,0.0032578488094655153,9
1,60,99.0,6017.9,1,0,3,1,2,1,2277-DJJDL,0,0,0.41221268316708337,1,0.5008466698766043,2
0,22,95.9,2234.95,1,1,3,2,1,1,6234-PFPXL,0,0,0.34502469047760653,0,0.4544280066022721,3
1,57,95.25,5427.05,1,1,3,2,1,1,3207-OYBWH,1,0,0.26990075402287483,0,0.3035747305780423,4
0,52,81.4,4354.45,12,1,5,4,1,1,0254-KCJGT,0,0,0.07684866832071086,0,0.04518195481056284,7
0,2,20.1,43.15,1,1,0,0,0,0,7017-VFULY,0,0,0.2035044874873345,0,0.22373411909916968,4
0,45,81.65,3618.7,24,1,5,3,2,0,8345-MVDYC,0,0,0.05101896873535347,0,0.03214617806104765,7
0,1,95.0,95.0,1,0,3,1,2,0,0684-AOSIH,1,1,0.7688924703598835,1,0.7326765012446878,0
0,23,74.95,1710.45,1,0,0,0,0,1,3858-VOBET,1,0,0.40465292366915434,1,0.5079945665447412,2
1,48,91.05,4370.75,1,1,2,1,1,1,2573-GYRUU,0,0,0.3603174197321561,0,0.4068394684937631,3
0,49,19.45,921.3,12,1,0,0,0,0,2821-WARNZ,0,0,0.015497358975973239,0,0.018846764741440262,9
0,63,75.55,4707.85,24,1,5,4,1,0,3795-GWTRD,0,0,0.030777706441427462,0,0.009751665682366833,8
0,70,84.1,5979.7,24,0,5,3,2,1,9530-GRMJG,0,0,0.046385394690983815,0,0.026132439149236554,7
0,35,83.15,2848.45,1,0,1,0,1,1,9450-TRJUU,0,0,0.4430740789924834,1,0.5074065498699808,2
1,38,102.6,4009.2,1,0,4,2,2,1,2439-LYPMQ,0,0,0.49555503371197546,1,0.5892635354407019,1
0,46,35.05,1620.25,1,1,2,2,0,0,8741-LQOBK,0,0,0.16671915502778986,0,0.04030736256019975,5
0,60,79.0,4801.1,12,0,5,3,2,0,8782-NUUOL,0,0,0.10541666856825432,0,0.06179321533526934,6
1,19,79.85,1471.75,1,0,1,1,0,1,4283-FUTGF,1,0,0.4802181228575174,1,0.5722132127896512,1
1,20,94.1,1782.4,1,0,3,2,1,1,5609-CEBID,1,0,0.4663548342437489,1,0.6069918337463067,2
0,71,90.55,6239.05,24,1,6,4,2,1,3508-VLHCZ,0,0,0.021378965268345054,0,0.016232999772539065,9
0,24,19.55,470.2,24,1,0,0,0,0,0164-XAIRP,0,0,0.01661785608613954,0,0.020765221661836145,9
0,43,56.35,2391.15,12,0,1,0,1,0,6968-URWQU,0,0,0.13879530420922676,0,0.11499228153285547,5
1,2,70.75,154.85,1,0,0,0,0,0,0685-MLYYM,1,1,0.5794177971037686,1,0.6925377148570127,1
0,71,79.05,5552.5,12,1,1,1,0,1,8231-BSWXX,0,0,0.0789845266691057,0,0.05898287015485386,7
0,20,19.6,356.15,1,1,0,0,0,0,8457-XIGKN,0,0,0.12349015283901625,0,0.12171888709476346,6
1,46,98.85,4564.9,1,0,3,1,2,1,1751-NCDLI,0,1,0.5159201348081813,1,0.5894496525473246,1
0,52,95.7,4976.15,12,1,3,2,1,1,5473-KHBPS,0,0,0.12428374515361248,0,0.13592423933919573,6
0,1,53.95,53.95,1,0,2,2,0,0,9732-KPKBW,1,0,0.46560922181493436,0,0.3367223697647478,2
0,60,110.6,6586.85,24,0,5,3,2,1,6993-YCOBK,0,0,0.15103435411114735,0,0.08562092347639531,5
0,0,20.25,0.0,24,0,0,0,0,0,3115-CZMZD,0,0,0.0843258796241789,0,0.07056945922274933,7
0,71,19.85,1326.35,24,1,0,0,0,0,4817-KEQSP,0,0,0.00972964992050097,0,0.0032845786090399736,9
0,63,81.2,4965.1,12,1,1,1,0,1,7997-EASSD,0,0,0.07662731845155152,0,0.07838768443604702,7
0,19,50.1,910.45,1,1,0,0,0,1,3097-IDVPU,0,0,0.20562248170820027,0,0.2864787742077716,4
0,64,105.4,6794.75,24,1,4,2,2,1,9586-JGQKH,0,0,0.13904464786756565,0,0.06916607463396734,5
0,31,99.45,3109.9,24,1,4,2,2,0,7954-MLBUN,0,0,0.13080746320357006,0,0.11425199073823845,6
0,64,76.1,4818.8,24,1,4,3,1,1,2612-PHGOX,0,0,0.045209390202733075,0,0.015106948847467364,8
0,35,96.75,3403.4,1,0,4,4,0,1,8547-NSBBO,0,0,0.3309306849610951,0,0.2630684113464433,3
0,67,24.9,1680.25,24,0,0,0,0,1,3967-VQOGC,0,0,0.017099783383829757,0,0.007075835468477769,9
0,23,40.1,857.75,24,0,3,3,0,0,2335-GSODA,0,0,0.05337799153476996,0,0.018997236589530352,7
0,45,78.8,3597.5,12,1,5,3,2,0,7838-LAZFO,0,0,0.10387297452469843,0,0.06998707926724233,6
0,1,50.75,50.75,1,0,1,1,0,0,4317-VTEOA,1,0,0.48968178815089447,0,0.3986782238212803,1
0,33,19.8,641.35,24,1,0,0,0,0,2729-VNVAP,0,0,0.012986956442345925,0,0.014722228074864348,9
0,1,50.05,50.05,1,0,0,0,0,1,8445-DNBAE,0,0,0.4939291081013291,1,0.5056584769281188,1
0,35,50.15,1655.35,1,0,0,0,0,1,4422-QVIJA,0,0,0.17180878947937298,0,0.23736344346687824,5
1,50,95.05,4888.7,1,0,3,2,1,1,5889-JTMUL,1,0,0.39351935049036607,0,0.4213766970866408,2
0,43,25.1,1070.15,24,0,0,0,0,1,0057-QBUQH,0,0,0.025323796189704973,0,0.01778004347853612,8
0,39,51.05,2066.0,1,1,1,1,0,0,1452-XRSJV,0,0,0.1836713512494469,0,0.11850847210440152,5
1,26,66.05,1652.4,1,0,2,1,1,1,8623-ULFNQ,0,0,0.3012547783169339,0,0.43682197840520315,3
0,55,75.75,4264.25,12,1,4,3,1,1,4877-TSOFF,0,0,0.06890960970456127,0,0.04773679001197127,7
0,16,84.95,1378.25,1,0,1,0,1,1,6127-ISGTU,1,1,0.5298659333735903,1,0.6574871599196273,1
0,36,87.55,3078.1,1,0,3,2,1,0,6711-VTNRE,1,0,0.30889643002281203,0,0.3399851560701975,3
0,27,80.85,2204.35,12,0,4,2,2,1,7336-RLLRH,0,0,0.17164211334122592,0,0.2265222858966257,5
1,67,105.05,7171.7,24,0,5,3,2,0,6734-FQAJX,0,0,0.11437839065705228,0,0.07767877622361358,6
0,68,102.1,7149.35,24,1,4,3,1,1,6999-CHVCF,0,0,0.08774374090269509,0,0.03697891092713621,6
0,2,74.9,136.05,1,0,0,0,0,1,6856-RAURS,0,1,0.6368211737168025,1,0.6620646774112561,0
0,67,109.7,7344.45,12,1,5,3,2,1,1360-XFJMR,0,0,0.17508331970804464,0,0.12166323286905417,5
0,72,88.55,6362.35,24,1,6,4,2,1,7873-CVMAW,0,0,0.01888296401964124,0,0.01504310171283217,9
0,12,19.0,233.55,1,0,0,0,0,0,1218-VKFPE,1,0,0.13050368980812904,0,0.20364137881014754,6
0,63,70.8,4448.8,12,1,4,3,1,0,6685-GBWJZ,0,0,0.06489542685744927,0,0.028242662191067774,7
0,60,37.7,2288.7,24,1,3,3,0,0,4940-KHCWD,0,0,0.02867743543533776,0,0.0034502836200988223,8
0,27,45.85,1246.4,12,1,3,2,1,0,2212-LYASK,0,0,0.07271774809785145,0,0.054879624543171635,7
1,20,98.55,1842.8,1,0,3,1,2,1,6683-VLCTZ,1,1,0.5858472729339342,1,0.7354947224599052,1
0,60,61.4,3638.25,24,0,3,3,0,0,1699-UOTXU,0,0,0.030848347652809797,0,0.011069040646938099,8
0,3,100.95,329.95,1,0,3,1,2,1,6023-YEBUP,1,1,0.7538712577883702,1,0.7723070943723821,0
0,2,24.85,62.0,1,0,0,0,0,1,8713-IGZSO,0,0,0.3609388429308455,0,0.3304001456999465,3
0,34,64.4,2088.75,12,0,3,3,0,1,0866-QLSIR,1,0,0.07219321173637373,0,0.0721759850738844,7
0,67,49.35,3321.35,12,1,4,3,1,0,4702-HDRKD,0,0,0.062351099248456034,0,0.01122648500266973,7
0,16,19.75,313.4,1,0,0,0,0,0,3181-MIZBN,0,0,0.13002773830684705,0,0.18224442062708007,6
0,46,81.0,3846.35,24,0,5,3,2,0,5751-USDBL,0,0,0.060074765984722125,0,0.04223321624326942,7
0,56,65.2,3512.15,12,1,2,1,1,1,5127-BZENZ,0,0,0.061436957414177255,0,0.06085748990710455,7
0,64,70.15,4480.7,12,0,3,2,1,1,9289-LBQVU,0,0,0.0940247531644695,0,0.055522745140432254,6
1,50,70.35,3454.6,1,1,3,2,1,1,4726-DLWQN,0,0,0.24554917007031818,0,0.17776866327296056,4
0,37,91.2,3382.3,1,1,3,3,0,1,0365-TRTPY,0,0,0.24431196732716173,0,0.22747859429955106,4
0,68,110.25,7279.35,24,1,5,3,2,1,1936-UAFEH,0,0,0.12226027894648882,0,0.051453675296293584,6
0,39,45.05,1790.6,12,1,3,2,1,0,7338-ERIVA,0,0,0.06984443746783006,0,0.03582749580305891,7
0,10,20.15,220.8,24,0,0,0,0,0,1494-EJZDW,0,0,0.030847260795457934,0,0.04869372635928083,8
0,1,69.75,69.75,1,1,0,0,0,0,1084-UQCHV,1,1,0.6956913994025099,1,0.5396567381719544,0
1,63,108.5,6991.9,24,1,5,3,2,1,8041-TMEID,0,0,0.12742166862615462,0,0.07963937767015042,6
0,64,25.0,1584.8,24,1,0,0,0,1,3027-YNWZU,0,0,0.013376403413326918,0,0.005850180461634142,9
0,72,99.15,7422.1,24,0,4,3,1,1,0742-LAFQK,0,0,0.06342311198317403,0,0.04069679164374657,7
0,46,94.15,4408.45,12,0,3,2,1,1,1370-GGAWX,0,0,0.1420733818381926,0,0.1945463656176395,5
0,54,111.1,6014.85,1,0,5,3,2,1,9079-YEXQJ,1,0,0.2806463555130288,0,0.3851638986032282,4
0,6,87.95,522.35,1,1,2,1,1,1,9741-YLNTD,0,1,0.7083603915782546,1,0.5892057083286462,0
0,10,78.15,765.15,1,1,1,1,0,1,5606-AMZBO,0,1,0.5449321643151257,0,0.46498780182202903,1
0,3,19.6,55.25,1,0,0,0,0,0,6184-DYUOB,0,0,0.19702883626183557,0,0.27060327659803474,5
0,60,20.55,1205.05,24,0,0,0,0,0,7717-BICXI,0,0,0.014447389713224528,0,0.007112839583945528,9
0,28,91.0,2626.15,1,0,3,2,1,0,5213-TWWJU,0,0,0.3436096353808404,0,0.42541114029489546,3
0,56,81.8,4534.45,24,1,5,3,2,0,5893-PYOLZ,0,0,0.041285305564536155,0,0.02361146187175672,8
0,4,50.7,151.3,1,1,1,1,0,0,2108-YKQTY,1,0,0.3401348081764162,0,0.3034022498309625,3
0,20,19.5,403.15,12,0,0,0,0,0,2320-TZRRH,0,0,0.01825613646975592,0,0.07665507974188765,9
0,1,50.8,50.8,1,0,1,1,0,0,9637-EIHEQ,1,0,0.48968178815089447,0,0.39900757105536905,1
0,18,20.1,407.05,12,0,0,0,0,0,1133-KXCGE,0,0,0.025247274174422896,0,0.08423276988160841,8
1,9,90.1,816.8,1,0,2,1,1,1,6969-MVBAI,0,1,0.7284620412024659,1,0.7298094279862948,0
0,1,89.55,89.55,1,0,2,0,2,0,0970-ETWGE,1,1,0.7949846165492827,1,0.7708984879561233,0
0,11,74.35,834.2,1,0,0,0,0,1,1867-BDVFH,1,1,0.5100385508117848,1,0.5953660252000418,1
0,70,26.0,2006.95,24,1,0,0,0,1,8207-VVMYB,0,0,0.010959249467642686,0,0.004986610496697235,9
0,72,92.3,6719.9,24,1,6,4,2,1,3967-KXAPS,0,0,0.020507943996088712,0,0.01761580153217272,9
0,72,20.5,1502.25,24,1,0,0,0,0,1927-QEWMY,0,0,0.007949257099012726,0,0.0032963192048645344,9
1,22,89.75,1938.9,1,1,2,0,2,0,1754-GKYPY,0,0,0.456896506944967,1,0.659815053080754,2
0,60,65.85,3928.3,12,1,4,4,0,0,3161-ONRWK,0,0,0.04885187796693881,0,0.016521566976535267,7
0,35,19.9,666.0,12,0,0,0,0,0,2878-DHMIN,0,0,0.013864602800750768,0,0.044098199313631896,9
0,17,20.75,418.25,12,0,0,0,0,0,9867-JCZSP,0,0,0.03010066771291012,0,0.0891658446034577,8
0,33,91.25,2964.05,1,0,2,0,2,0,8849-AYPTR,0,0,0.44085984618343865,1,0.588779325874816,2
1,1,74.3,74.3,1,0,0,0,0,1,8775-ERLNB,0,1,0.8372184659802596,1,0.7381916493121347,0
0,13,49.15,649.4,1,0,3,1,2,0,4581-LNWUM,0,0,0.29962860881624886,0,0.3392160686766039,3
0,66,63.3,4189.7,24,1,2,1,1,1,1525-LNLOJ,0,0,0.04169637819675381,0,0.017900163557744906,8
0,72,23.75,1679.25,24,1,0,0,0,1,8165-ZJRNM,0,0,0.00913318053647176,0,0.004085701259653851,9
0,70,59.5,4144.8,24,1,5,3,2,0,1459-QNFQT,0,0,0.023225794577981806,0,0.006740501651376623,8
0,41,106.3,4443.45,1,0,4,2,2,1,0337-CNPZE,1,0,0.45755838512611297,1,0.514126140258147,2
0,1,69.9,69.9,1,0,0,0,0,0,9804-ICWBG,1,1,0.7802451520631749,1,0.6153810356346396,0
0,55,89.8,4959.6,1,1,2,1,1,1,0058-EVZWM,0,0,0.2792679321502961,0,0.2763784062433562,4
0,15,59.45,892.65,1,0,2,1,1,0,9474-PHLYD,1,0,0.266680319025178,0,0.36975659543127914,4
0,10,98.9,1064.95,12,0,4,2,2,0,3587-PMCOY,0,0,0.3495374153846864,0,0.42763517188348643,3
1,20,85.8,1727.5,1,1,1,0,1,1,2860-RANUS,1,0,0.41120336141232494,1,0.6460976904148324,2
1,2,24.35,41.85,1,0,0,0,0,0,5482-PLVPE,1,0,0.471431913621141,0,0.38378332350182126,1
0,42,100.3,4222.95,1,0,3,1,2,1,2800-QQUSO,0,0,0.49284787968570476,1,0.5421419240838411,1
0,37,19.5,805.2,1,1,0,0,0,0,2061-VVFST,0,0,0.1237523157856782,0,0.06706333953043295,6
0,7,34.2,256.6,1,0,2,2,0,0,1976-AZZPJ,0,0,0.28822610895288536,0,0.1914132395328049,3
0,47,19.3,890.5,24,1,0,0,0,0,4742-TXUEX,0,0,0.013099434464408507,0,0.008366035419518827,9
0,72,25.25,1841.2,24,1,0,0,0,1,1926-QUZNN,0,0,0.011438029186233059,0,0.004368767703691472,9
0,1,85.55,85.55,1,1,2,1,1,0,0235-KGSLC,1,1,0.7202998422401962,1,0.5841755824025593,0
0,71,19.9,1355.1,24,1,0,0,0,0,3973-SKMLN,0,0,0.007912524050174414,0,0.003304397384121281,9
0,33,51.45,1758.9,12,0,1,1,0,0,0983-TATYJ,0,0,0.07519997244174399,0,0.09058917073578064,7
0,41,81.3,3190.65,1,1,1,1,0,1,2669-QVCRG,0,0,0.316593285532822,0,0.27183348626760867,3
0,72,26.1,1851.45,24,0,0,0,0,1,9838-BFCQT,0,0,0.016671962084453783,0,0.006077228342090827,9
0,61,99.15,6010.05,1,0,3,1,2,1,0310-MVLET,1,0,0.3980011855804667,0,0.4050924857176267,2
0,16,69.1,1083.7,1,0,3,2,1,1,3466-WAESX,0,0,0.3028781448584791,0,0.36857566264637587,3
0,39,19.75,757.95,24,0,0,0,0,0,5804-JMYIO,0,0,0.012818782696576027,0,0.01574206591266364,9
0,3,19.85,64.55,1,0,0,0,0,0,6776-TLWOI,1,0,0.20373684654118307,0,0.2722521799644556,4
0,1,74.1,74.1,12,1,4,2,2,0,8985-OOPOS,0,0,0.2741728150415315,0,0.2588512890968471,4
0,56,61.3,3346.8,24,1,3,3,0,0,5181-OABFK,0,0,0.027714616050894265,0,0.009207611102149432,8
1,46,85.0,3969.4,1,0,2,1,1,0,6769-DYBQN,1,0,0.40735353221318255,0,0.4223728197531405,2
0,34,106.35,3549.25,1,0,4,2,2,1,5380-WJKOV,1,0,0.4539204392584925,1,0.5527638622145359,2
1,43,94.3,3953.15,1,0,3,2,1,1,5461-QKNTN,0,0,0.4002506455790256,0,0.4525520421263494,2
0,68,113.15,7856.0,24,0,6,4,2,1,5271-YNWVR,1,0,0.0728367432689315,0,0.05790278616245022,7
0,72,110.9,8240.85,24,1,5,3,2,1,9351-HXDMR,0,0,0.058955427010870635,0,0.05159826573503721,7
0,25,20.05,520.1,12,0,0,0,0,0,7632-YUTXB,0,0,0.01571159554550595,0,0.06486439182520506,9
1,28,35.9,973.65,1,0,1,0,1,0,5697-GOMBF,0,0,0.3520805188400651,0,0.26574752470022694,3
1,4,83.25,308.05,1,0,1,0,1,1,6630-UJZMY,0,1,0.7470792938356713,1,0.7845761949302145,0
1,72,93.05,6735.05,24,1,4,4,0,1,7322-OCWHC,0,0,0.04767044029270886,0,0.020753625216103765,7
1,10,85.55,851.75,1,0,1,0,1,1,3247-ZVOUO,1,1,0.7274884739563322,1,0.7662398022995738,0
1,54,99.05,5295.7,1,1,3,1,2,1,5331-RGMTT,0,0,0.4273455616293045,0,0.4593398343031325,2
0,1,45.4,45.4,1,0,0,0,0,0,5692-FPTAH,1,1,0.525524236918837,0,0.44940338359436516,1
0,23,66.25,1533.8,12,0,4,4,0,0,9330-DHBFL,0,0,0.07126067439126575,0,0.07069862877562348,7
0,11,90.6,1020.2,1,0,2,0,2,0,7928-VJYAB,0,1,0.6194806170632058,1,0.7242804721835634,0
0,6,50.05,288.35,1,0,1,1,0,0,9375-MHRRS,0,0,0.32388538788768967,0,0.3531503063075606,3
1,46,69.1,3255.35,12,1,3,2,1,1,4501-UYKBC,0,0,0.08517267808566445,0,0.09523667105716704,7
0,52,63.9,3334.95,24,1,6,4,2,0,6203-HBZPA,0,0,0.029915524436325704,0,0.010053676193275326,8
1,16,54.55,825.1,1,1,2,2,0,0,7130-CTCUS,0,0,0.25329415130495814,0,0.24294387955413946,4
0,53,94.45,5042.75,12,1,4,3,1,0,0440-UEDAI,0,0,0.1112207523955579,0,0.08560904735325757,6
0,2,94.2,167.5,1,0,3,1,2,0,7218-HKQFK,1,1,0.6778278397309495,1,0.7222056999693558,0
0,26,83.95,2254.2,1,0,1,0,1,1,3223-WZWJM,1,0,0.47686747021822035,1,0.5841051533967384,1
1,34,96.35,3190.25,1,0,3,2,1,1,9508-ILZDG,0,0,0.4293084267553291,1,0.5315573273446651,2
0,68,114.7,7849.85,24,1,6,4,2,1,6445-TNRXS,0,0,0.07816051010053153,0,0.04500559776330272,7
0,3,70.15,194.2,1,0,0,0,0,0,6077-BDPXA,0,1,0.5415851951572475,1,0.6014517732641687,1
0,25,18.7,383.65,24,0,0,0,0,0,9945-PSVIP,0,0,0.023646929848863775,0,0.02591687703238345,8
0,9,79.75,769.1,1,0,1,0,1,0,7363-QTBIW,0,1,0.6204278398660782,1,0.648487442604096,0
0,35,95.5,3418.2,1,0,3,2,1,1,5302-BDJNT,0,0,0.38063057661668265,0,0.43775301366586555,3
0,20,108.2,2203.7,1,1,6,4,2,0,4329-YPDDQ,0,0,0.397101437454557,0,0.3840492184303462,2
0,1,49.9,49.9,1,0,1,1,0,0,7623-TRNQN,1,0,0.4856136333201894,0,0.3930935663027985,1
0,1,20.55,20.55,1,0,0,0,0,0,7893-IXHRQ,1,0,0.4000556578775629,0,0.2919841607376512,2
1,63,36.1,2298.9,12,1,2,2,0,0,0230-UBYPQ,0,0,0.058715014433622974,0,0.014282781668857467,7
0,1,49.95,49.95,1,0,1,1,0,0,1471-GIQKQ,0,0,0.4856136333201894,0,0.3934213184785752,1
0,39,59.85,2341.5,1,0,2,1,1,0,8033-ATFAS,0,0,0.2071796470505453,0,0.2120088381035344,4
0,15,84.35,1302.65,1,1,2,2,0,1,5609-IMCGG,0,0,0.39047712452350064,0,0.38882829246852724,2
0,13,31.05,347.25,1,0,1,1,0,0,8718-PTMEZ,1,0,0.235191719544171,0,0.19564298405645209,4
0,48,65.65,3094.65,12,0,3,2,1,0,9114-AAFQH,0,0,0.087422081800431,0,0.06940029052775049,6
1,72,114.85,8317.95,24,1,6,4,2,1,2388-LAESQ,0,0,0.0290529794452368,0,0.05743186451851401,8
1,24,40.65,933.3,1,1,2,1,1,0,9381-NDKME,1,0,0.3196629101786923,0,0.20037733961262236,3
0,1,20.4,20.4,1,0,0,0,0,0,1963-VAUKV,1,0,0.37650977325803203,0,0.29113299333271014,3
0,57,87.55,4884.85,1,1,3,3,0,1,5240-CAOYT,0,0,0.18535202686413993,0,0.1264073890081279,5
0,10,29.75,301.9,1,0,1,1,0,0,6713-OKOMC,0,0,0.29659472800665815,0,0.20942629461450174,3
0,8,19.9,153.95,12,1,0,0,0,0,7677-SJJJK,0,0,0.06810235218937884,0,0.09011648157068858,7
0,39,100.0,3835.55,12,0,3,1,2,1,0327-WFZSY,0,0,0.2794143379901454,0,0.35476373790864624,4
0,31,71.05,2168.15,1,0,3,2,1,1,5136-RGMZO,0,0,0.27432918554921587,0,0.2788666291179941,4
1,50,25.2,1306.3,12,0,0,0,0,1,0023-UYUPN,0,0,0.04276977691873682,0,0.04640065074133542,8
0,18,25.15,476.8,1,0,0,0,0,0,4819-HJPIW,0,0,0.12357298291713067,0,0.19581035841377145,6
0,16,100.7,1522.7,1,1,4,2,2,0,0265-PSUAE,0,0,0.4735061536226562,1,0.5232029037433356,1
0,31,81.15,2640.55,1,0,1,1,0,1,5650-YLIBA,0,0,0.39625403616545296,0,0.4147311320364102,2
0,19,48.8,953.65,1,0,1,1,0,0,0997-YTLNY,0,0,0.2270531474691748,0,0.25218979453230833,4
0,1,70.7,70.7,1,0,0,0,0,0,5032-MIYKT,0,1,0.7565336202168739,1,0.6205695335197426,0
0,19,20.85,467.5,24,1,0,0,0,0,3978-YNKDD,0,0,0.02223458423125743,0,0.026475474458049382,9
0,61,104.0,6363.45,12,0,4,2,2,1,2252-JHJGE,0,0,0.21991202840923976,0,0.20204734717344752,4
0,22,84.15,1821.95,1,1,1,0,1,1,9167-APMXZ,0,0,0.39934310979500365,1,0.5346861513287283,2
0,70,64.95,4523.25,24,1,4,4,0,0,8590-YFFQO,0,0,0.028184325146437046,0,0.004768291060107626,8
0,3,74.95,212.4,1,0,0,0,0,1,4090-KPJIP,0,1,0.635909569277883,1,0.6555513938415778,0
1,56,111.95,6418.9,12,0,5,3,2,1,6664-FPDAC,1,0,0.23586015259305446,0,0.2807347167915253,4
1,22,90.5,1910.6,1,1,2,1,1,1,6284-AHOOQ,1,0,0.3903145178537902,1,0.5792435175322959,2
0,3,89.85,244.45,1,0,3,2,1,0,7952-OBOYL,0,1,0.5993113832399345,1,0.5865519300227092,0
0,9,75.85,647.5,1,0,1,1,0,0,5022-JNQEQ,0,1,0.5187739081093597,1,0.5073692306065734,1
0,31,91.15,2995.45,1,0,2,1,1,1,8714-EUHJO,1,0,0.4200676156537552,1,0.5220092154844312,2
0,47,40.3,1794.8,12,0,3,3,0,0,1929-ZCBHE,0,0,0.06640836340303323,0,0.0195832735222234,7
1,26,78.8,2006.1,1,0,1,0,1,0,9355-NPPFS,0,0,0.4484579847950878,1,0.6007245714542734,2
0,26,92.4,2349.8,1,1,3,2,1,1,3466-RITXD,0,0,0.30351719909009117,0,0.3939586711196369,3
0,72,20.1,1326.25,24,1,0,0,0,0,4821-WQOYN,0,0,0.00972964992050097,0,0.003169014987629856,9
0,72,24.05,1709.15,24,1,0,0,0,1,1820-DJFPH,0,0,0.00913318053647176,0,0.0041391465217698415,9
0,54,106.55,5763.3,12,1,4,2,2,1,8849-GYOKR,1,0,0.22596608227747353,0,0.19637771064896958,4
0,12,89.75,1052.4,1,1,2,1,1,1,0135-NMXAP,1,1,0.5265679577645692,1,0.5595839091538932,1
1,40,79.2,3233.85,1,1,2,2,0,0,7957-RYHQD,1,0,0.3171810579689852,0,0.25011187845447963,3
0,67,74.0,4868.4,24,1,4,3,1,1,3470-OBUET,0,0,0.04518744378563706,0,0.01268078051434168,8
1,71,72.9,5139.65,12,1,4,3,1,1,7471-MQPOS,0,0,0.0788090781895423,0,0.03679396640702071,7
0,30,100.2,2983.8,1,0,3,1,2,1,4817-VYYWS,1,1,0.5092907777196796,1,0.6172486773317777,1
0,72,19.4,1496.45,24,1,0,0,0,0,3910-MRQOY,0,0,0.009463100218399516,0,0.0031960768782071315,9
0,14,78.1,1122.4,1,0,1,0,1,0,3317-VLGQT,0,0,0.4754018529437146,1,0.6013282493614152,1
0,2,19.5,31.55,1,0,0,0,0,0,0883-EIBTI,1,0,0.23079008202554913,0,0.27780012240207436,4
0,37,62.8,2278.75,24,1,3,3,0,1,0513-RBGPE,0,0,0.04770440035531988,0,0.019823120655819013,7
0,30,94.3,2679.7,1,1,3,2,1,1,0730-KOAVE,0,0,0.31190852418933757,0,0.3784332985230055,3
0,42,99.0,4298.45,12,0,4,3,1,1,0959-WHOKV,0,0,0.1790110036703793,0,0.18391532310820768,5
0,3,21.2,52.05,12,0,0,0,0,0,8909-BOLNL,0,0,0.08779871932933243,0,0.14521518786691243,6
0,2,85.7,169.8,1,0,1,0,1,1,1143-NMNQJ,1,1,0.7428058413763803,1,0.7454941889093984,0
0,54,91.3,4965.0,24,1,6,4,2,1,7401-JIXNM,0,0,0.05294744678815662,0,0.02754086202311422,7
0,22,89.05,1886.25,1,0,3,2,1,0,7277-OZCGZ,0,0,0.3736204014979306,0,0.445820082449821,3
0,46,105.2,4822.85,12,1,5,3,2,0,2165-VOEGB,1,0,0.21708562594180922,0,0.15321459490633216,4
0,66,25.1,1697.7,24,0,0,0,0,1,1767-CJKBA,0,0,0.01692581631331096,0,0.007443612621736673,9
0,71,19.9,1389.35,24,1,0,0,0,0,3642-BYHDO,0,0,0.007912524050174414,0,0.0033227716077172077,9
0,66,89.9,5958.85,24,1,6,4,2,1,0839-JTCUD,0,0,0.032347354712894794,0,0.018819064877405457,8
0,16,72.65,1194.3,1,0,0,0,0,1,4547-LYTDD,1,0,0.42125280607636506,1,0.5460040085990133,2
0,41,45.2,1841.9,1,1,0,0,0,0,2887-JPYLU,0,0,0.16694340376967912,0,0.12637307357223113,5
0,15,49.0,749.25,1,0,0,0,0,1,0430-IHCDJ,0,0,0.23462726276839846,0,0.3796843499374914,4
1,4,74.95,308.7,1,0,0,0,0,1,9274-CNFMO,1,1,0.6574455818092804,1,0.7239587151199104,0
0,2,69.75,144.55,1,1,0,0,0,0,6166-ILMNY,1,1,0.5459756466504819,1,0.532047666274182,1
0,18,50.3,913.3,1,0,0,0,0,1,1310-QRITU,0,0,0.20430710374201458,0,0.3642485343816502,4
1,38,74.95,2869.85,1,1,0,0,0,1,9286-DOJGF,1,0,0.35082558626870103,0,0.40612458229703585,3
1,24,80.5,2088.45,1,0,1,1,0,1,7278-CKDNC,0,0,0.4569446016990717,1,0.5486187340687606,2
0,56,103.2,5744.35,24,1,4,2,2,1,6766-HFKLA,0,0,0.16387131899894392,0,0.07668096590724617,5
0,16,75.4,1189.4,1,0,0,0,0,1,4301-VVZKA,0,0,0.4391057665866335,1,0.5643520912651538,2
0,6,49.15,295.65,1,0,1,1,0,0,9644-UMGQA,0,0,0.3277279782517399,0,0.3478250554909412,3
0,38,70.45,2597.6,12,1,0,0,0,0,9565-JSNFM,1,0,0.09578385370768877,0,0.13978253468239507,6
1,26,98.1,2510.7,1,1,3,1,2,1,2665-NPTGL,0,0,0.48550034836088385,1,0.6354133230183566,1
0,63,102.6,6296.75,24,0,3,1,2,1,2019-HDCZY,0,0,0.1606560724802775,0,0.11380899955620012,5
1,25,89.5,2196.15,1,0,2,1,1,1,8739-WWKDU,1,0,0.49347309514914245,1,0.626543433668097,1
0,1,44.0,44.0,1,0,0,0,0,0,1942-OQFRW,0,0,0.4873895395862371,0,0.43990621042546935,1
0,6,94.05,518.75,1,0,3,2,1,1,6137-NICCO,0,1,0.6650560722169633,1,0.6174465542704222,0
1,62,103.75,6383.35,12,0,4,2,2,1,6646-QVXLR,1,0,0.22236947074650876,0,0.25499766830473264,4
1,46,59.9,2816.65,12,1,5,3,2,0,4785-QRJHC,1,0,0.1010209193762157,0,0.050937497797046184,6
0,72,23.55,1723.95,24,1,0,0,0,1,6734-PSBAW,0,0,0.00913318053647176,0,0.004093028371578404,9
0,22,69.5,1498.2,12,1,3,1,2,0,3523-QRQLL,1,0,0.14636064094460127,0,0.1840703497223735,5
0,9,85.3,781.4,1,1,2,1,1,0,2959-FENLU,0,1,0.5865930881791431,1,0.5260232869127472,1
1,17,85.35,1463.45,1,1,2,2,0,1,4248-QPAVC,1,0,0.3665256907595867,0,0.4659165642396998,3
0,37,64.65,2347.85,12,1,2,1,1,1,7032-LMBHI,0,0,0.07255456650926939,0,0.10636391350809592,7
1,71,104.05,7413.55,24,1,3,1,2,1,8089-UZWLX,0,0,0.1269567191805574,0,0.10597701053298124,6
0,13,99.0,1301.7,1,0,3,1,2,1,2025-JKFWI,1,1,0.6316390687838773,1,0.7106482197034796,0
0,45,25.9,1216.6,12,1,0,0,0,1,3887-PBQAO,0,0,0.030862957438387847,0,0.030492090590671487,8
0,57,74.35,4317.35,24,1,4,2,2,0,1023-BQXZE,0,0,0.05360100531955929,0,0.025364171161563868,7
0,69,108.75,7493.05,12,1,5,3,2,1,8213-TAZPM,0,0,0.1799100476816997,0,0.11263854977991744,5
0,16,89.05,1448.6,1,1,2,1,1,1,1965-DDBWU,1,0,0.4010615721796,1,0.5284035367190251,2
0,8,75.25,576.7,1,0,0,0,0,1,3199-XGZCY,0,1,0.5868376626227664,1,0.6217959520887507,1
0,12,94.55,1173.55,1,0,2,0,2,1,3338-CVVEH,0,1,0.6503139722992263,1,0.7602050936361914,0
0,1,102.45,102.45,1,0,4,2,2,1,7181-BQYBV,1,1,0.6485887849499258,1,0.7223228197318379,0
1,37,96.55,3580.3,1,0,2,0,2,1,6899-PPEEA,1,1,0.5643385471435124,1,0.7065139029189944,1
0,24,19.75,483.15,24,0,0,0,0,0,9548-LERKT,0,0,0.018706117072999254,0,0.028222166842548763,9
0,30,85.0,2624.25,1,0,1,0,1,1,0524-IAVZO,1,0,0.4600485392901576,1,0.5640108116264743,2
0,12,81.7,858.6,1,1,2,2,0,0,3018-TFTSU,1,0,0.44399628697910143,0,0.3620496851430044,2
0,71,64.05,4492.9,24,1,4,4,0,0,8619-IJNDK,0,0,0.035531286293286,0,0.004437392012935636,8
0,46,45.55,2062.15,1,0,3,2,1,0,8671-KKKOS,0,0,0.1822577066879726,0,0.08295561222604553,5
0,68,114.9,7843.55,24,1,6,4,2,1,4304-TSPVK,0,0,0.07816051010053153,0,0.0451967544944646,7
1,1,45.2,45.2,1,0,0,0,0,0,4706-DGAHW,0,1,0.6249322177485658,1,0.5347384042872179,0
0,1,49.8,49.8,1,1,1,1,0,0,8757-TFHHJ,0,0,0.45391445263696606,0,0.32213421719126645,2
0,1,50.45,50.45,1,0,1,1,0,0,8280-MQRQN,1,0,0.4936469633570445,0,0.3967040748405864,1
0,4,55.3,238.5,1,0,1,0,1,0,6402-EJMWF,0,0,0.362438511917206,1,0.5180434773184216,3
1,33,93.55,3055.5,12,0,4,3,1,0,8166-ORCHU,0,0,0.14569402505428464,0,0.2303563403271096,5
0,62,84.5,5193.2,24,1,5,3,2,1,8390-FESFV,0,0,0.04340114485883413,0,0.02412979418399413,8
0,18,69.5,1199.4,1,0,3,2,1,1,6890-PFRQX,0,0,0.28615824167971565,0,0.3556939265756774,4
0,67,20.55,1343.4,12,0,0,0,0,0,0052-YNYOT,0,0,0.027150220973189122,0,0.013173610829106312,8
0,72,88.7,6301.7,24,1,6,4,2,1,6701-YVNQG,0,0,0.01888296401964124,0,0.014958060972439477,9
0,22,104.6,2180.55,1,0,5,3,2,0,9927-DSWDF,0,0,0.4204798000150761,1,0.5004539540519692,2
0,32,62.45,2045.55,1,1,2,2,0,1,0257-KXZGU,0,0,0.17985428923192198,0,0.1602582054297905,5
0,72,104.9,7537.5,12,1,5,4,1,1,4815-YOSUK,0,0,0.10274676263452762,0,0.060262985860290184,6
1,55,51.65,2838.55,1,1,0,0,0,1,2055-SIFSS,0,0,0.21224770704640109,0,0.14829048778522488,4
0,24,79.65,1928.7,1,0,1,1,0,1,2203-GHNWN,0,0,0.4259370661757135,0,0.44971417489025767,2
0,7,19.95,147.5,1,0,0,0,0,0,9788-YTFGE,0,0,0.15890297624900465,0,0.24268789082558878,5
0,72,25.1,1790.8,24,1,0,0,0,1,9430-NKQLY,0,0,0.011768751196800424,0,0.00431566259805932,9
0,28,100.35,2799.0,12,1,4,2,2,0,0516-OOHAR,0,0,0.19420409867395405,0,0.25989019253335394,5
0,59,66.4,3958.2,12,1,4,3,1,0,1265-HVPZB,0,0,0.05636324609385038,0,0.0274608268436382,7
1,70,90.05,6333.4,24,1,6,4,2,1,1568-BEKZM,0,0,0.02681981622581508,0,0.023842062914481068,8
0,63,109.2,7049.75,24,1,6,4,2,0,5574-NXZIU,0,0,0.08705043776521744,0,0.038444459138377116,6
0,6,90.75,512.25,1,0,2,1,1,1,8622-ZLFKO,0,1,0.7136323457627634,1,0.6775240390884144,0
0,17,19.9,323.15,12,1,0,0,0,0,7279-NMVJC,0,0,0.029921847574342877,0,0.06480144348317318,8
0,6,30.5,208.7,1,1,1,1,0,0,2606-RMDHZ,1,0,0.3003438453389383,0,0.18862458927475698,3
0,49,97.95,4917.9,12,0,3,1,2,1,6559-RAKOZ,0,0,0.2275219075225407,0,0.2878642143548731,4
0,53,69.7,3686.05,24,1,3,2,1,1,1172-VIYBP,0,0,0.043164070517940335,0,0.023866987111651933,8
0,61,88.1,5526.75,24,0,6,4,2,1,0123-CRBRT,0,0,0.034282100331949616,0,0.027851978699916107,8
0,70,72.95,5265.55,24,1,4,3,1,1,6953-PBDIN,0,0,0.040419838109868274,0,0.011574575485428867,8
1,66,99.5,6822.15,1,1,3,1,2,1,1587-FKLZB,1,0,0.39751446495430515,0,0.3975482906007315,2
0,7,23.5,173.0,1,0,0,0,0,1,6258-NGCNG,0,0,0.22370900648011774,0,0.28111516819873933,4
0,72,38.5,2763.0,24,1,3,3,0,0,3511-BFTJW,0,0,0.02955077786183521,0,0.0022832127944594598,8
0,12,73.75,871.4,1,1,0,0,0,1,7603-USHJS,1,0,0.4353492897268735,1,0.5065493355153335,2
0,14,44.6,641.25,12,0,0,0,0,0,2599-CZABP,0,0,0.06985649792382703,0,0.18122564147596099,7
0,3,19.45,69.25,12,0,0,0,0,0,1179-INLAT,0,0,0.04827078215644094,0,0.1397183464820088,7
0,55,57.55,3046.4,24,1,3,3,0,0,3400-ESFUW,1,0,0.029530764098193253,0,0.00826899746169747,8
0,12,20.05,265.45,1,1,0,0,0,0,7531-GQHME,0,0,0.14179085870025043,0,0.16290930142335106,5
0,70,115.15,8250.0,24,1,6,4,2,1,3396-DKDEL,0,0,0.06755052601134748,0,0.04465448876759238,7
0,58,109.1,6393.65,24,1,5,3,2,1,8819-ZBYNA,0,0,0.1784194735495055,0,0.06524829091754247,5
1,1,69.85,69.85,1,0,0,0,0,0,5550-VFRLC,1,1,0.7978543486506462,1,0.6934649822587443,0
0,1,77.15,77.15,1,0,0,0,0,1,2609-IAICY,1,1,0.8155785564388516,1,0.6829003305518694,0
0,36,80.4,2937.65,1,0,1,0,1,0,1910-FMXJM,0,0,0.41891429219652887,0,0.45718035883920416,2
1,15,89.85,1424.95,1,0,2,1,1,1,1112-CUNAO,1,1,0.559484890045204,1,0.6961747750673243,1
0,26,85.75,2146.5,1,0,2,1,1,0,5226-NOZFC,0,0,0.4180244620776282,0,0.47962889032959677,2
1,2,74.85,156.4,1,0,0,0,0,1,7235-NXZCP,1,1,0.6918457224779716,1,0.735401445002281,0
0,59,19.3,1192.7,24,1,0,0,0,0,2146-EGVDT,0,0,0.01962638747342651,0,0.005277449074689855,9
0,20,55.0,1165.55,1,1,5,4,1,0,7395-XWZOY,0,0,0.220609653245554,0,0.10013712939779758,4
0,69,92.45,6460.55,24,0,3,2,1,1,9589-ABEPT,0,0,0.08650137079648207,0,0.04670277357243518,6
0,12,56.3,628.65,1,0,1,0,1,0,7669-LCRSD,0,0,0.28762772170435313,0,0.45535259146336404,4
0,14,105.95,1348.9,12,0,5,3,2,0,1113-IUJYX,1,0,0.2792408900871902,0,0.3592325787474117,4
0,43,94.1,4107.3,1,0,3,2,1,1,4760-THGOT,0,0,0.364748336541609,0,0.3731936174367735,3
1,65,53.5,3517.9,24,1,4,2,2,0,9906-NHHVC,0,0,0.0595837733210669,0,0.012840819373795853,7
1,9,84.4,732.5,1,1,1,0,1,1,5357-TZHPP,1,1,0.7099858398169012,1,0.705215740727492,0
0,26,19.4,525.55,12,0,0,0,0,0,3985-HOYPM,0,0,0.014466644055119065,0,0.06134101599184907,9
1,13,70.15,916.75,1,0,0,0,0,0,2398-YPMUR,1,0,0.44400666823765894,1,0.6104479847083453,2
1,69,110.25,7467.55,24,1,5,3,2,1,4627-MIHJH,0,0,0.12049299595160741,0,0.07052396925449328,6
0,51,83.25,4089.45,24,1,6,4,2,0,6418-HNFED,0,0,0.034942032749093105,0,0.019918985395017855,8
0,47,106.4,5127.95,1,0,4,2,2,1,8938-UMKPI,1,0,0.41527162358384073,0,0.47850638947248775,2
0,8,75.6,535.55,1,0,1,1,0,0,8584-KMVXD,0,1,0.5145643695210478,1,0.5118005958932594,1
0,35,54.95,1916.0,12,1,2,2,0,0,6461-PPAXN,0,0,0.06657458304685494,0,0.0505641382530616,7
0,14,50.1,709.5,1,1,1,1,0,0,1629-DQQVB,0,0,0.22432180628358644,0,0.23427857155529608,4
0,55,85.5,4713.4,1,1,1,0,1,1,0913-XWSCN,0,0,0.3296304889634238,0,0.3175504276029456,3
0,56,19.55,1080.55,24,1,0,0,0,0,4299-OPXEJ,0,0,0.02100469604017809,0,0.0059276797902031815,9
0,11,48.55,501.0,1,1,1,1,0,0,9820-RMCQV,1,0,0.2423883919324965,0,0.2437419846708952,4
0,59,61.35,3645.5,12,1,2,1,1,0,8788-DOXSU,0,0,0.06244571455845504,0,0.045385353272519725,7
0,72,71.45,5025.85,24,1,3,2,1,1,2824-DXNKN,0,0,0.04171673387598019,0,0.013955569640200331,8
0,65,76.15,4929.55,24,1,4,3,1,1,2649-HWLYB,0,0,0.046370376426524584,0,0.01476286846224776,8
0,50,24.9,1195.25,24,1,0,0,0,1,6292-TOSSS,0,0,0.023714738680859604,0,0.00992229621084763,8
0,7,89.75,608.8,1,0,3,2,1,0,1522-VVDMG,1,1,0.6032685983247922,1,0.5585315391262594,0
0,69,81.95,5601.4,24,1,5,3,2,1,8645-KOMJQ,0,0,0.041898677818138275,0,0.017943389836011913,8
0,64,94.6,5948.7,24,1,3,2,1,1,2434-EEVDB,0,0,0.0742263122542815,0,0.04173695661043257,7
1,24,76.1,1712.7,1,0,0,0,0,1,7534-BFESC,1,0,0.4299263761675553,1,0.5911597786434719,2
0,19,61.55,1093.2,1,1,2,1,1,0,4003-FUSHP,0,0,0.23987634090799162,0,0.28470960670346285,4
1,37,72.25,2575.45,1,1,0,0,0,0,9819-FBNSV,0,0,0.3531018674835973,0,0.3642895464475062,3
0,3,69.6,207.4,1,0,0,0,0,0,4983-CCWMC,0,1,0.5292455567394171,1,0.5983612598720264,1
0,1,79.5,79.5,1,0,1,0,1,0,2514-GINMM,1,1,0.82959879736716,1,0.6975184651898674,0
0,22,57.95,1271.8,1,0,3,3,0,0,0377-JBKKT,0,0,0.17961836492620187,0,0.16473961409364177,5
0,27,80.65,2209.75,12,1,2,2,0,0,5566-SOEZD,0,0,0.07880268739834015,0,0.13692255287152538,7
1,55,50.05,2743.45,12,1,3,1,2,0,1925-LFCZZ,0,0,0.11335473780117504,0,0.05311447113207024,6
0,17,80.85,1400.85,1,0,1,0,1,0,2955-BJZHG,1,0,0.47561796128454714,1,0.5994326814156234,1
1,61,94.2,5895.45,1,1,4,4,0,1,7789-CRUVC,0,0,0.18774381446217053,0,0.14611187129391726,5
0,45,20.4,930.45,12,0,0,0,0,0,3705-PSNGL,1,0,0.014503613113376366,0,0.030856325564973256,9
0,42,20.65,958.1,12,0,0,0,0,0,6223-DHJGV,0,0,0.014503456328673756,0,0.035314173645428625,9
0,36,97.35,3457.9,1,1,3,2,1,1,9445-SZLCH,1,0,0.32288692859041673,0,0.3674979087693443,3
0,1,20.35,20.35,1,0,0,0,0,0,4634-JLRJT,0,0,0.37650977325803203,0,0.2908495960166918,3
1,40,99.2,4062.2,12,1,4,2,2,0,2995-UPRYS,1,0,0.1733276106446385,0,0.26154882338844904,5
0,2,70.7,129.2,1,0,0,0,0,0,3717-OEAUQ,0,1,0.5701016672059103,1,0.6127115105606551,1
1,54,99.1,5437.1,12,0,4,2,2,0,1360-JYXKQ,0,0,0.1934017015234373,0,0.24808623140375155,5
0,42,56.1,2386.85,12,1,1,1,0,1,7995-ZHHNZ,0,0,0.07645015924134811,0,0.06469999915148074,7
0,23,84.25,1968.1,1,0,2,2,0,1,5016-IBERQ,0,0,0.4059721014977914,0,0.40566240938866827,2
1,30,99.7,2967.35,1,0,3,1,2,1,6543-XRMYR,1,1,0.5396444146729198,1,0.6919631547191496,1
0,1,20.45,20.45,1,0,0,0,0,0,2668-TZSPS,0,0,0.37650977325803203,0,0.2914165533100571,3
0,13,19.45,270.2,12,0,0,0,0,0,2788-CJQAQ,0,0,0.02303897566569186,0,0.09863928135407038,8
0,50,20.35,938.95,12,0,0,0,0,0,5774-QPLTF,0,0,0.019924285578251984,0,0.02506790793769776,9
0,37,40.2,1525.35,12,0,3,3,0,0,6967-PEJLL,0,0,0.06581044317584676,0,0.028405511853370438,7
0,6,19.5,146.3,1,1,0,0,0,0,8053-WWDRO,1,0,0.1465313300993674,0,0.19550233822475646,5
0,43,24.25,1077.95,24,0,0,0,0,1,2208-NKVVH,0,0,0.022739939323260207,0,0.017400803808844657,8
0,10,33.9,298.45,1,0,1,0,1,0,2309-OSFEU,1,0,0.34768197262173234,0,0.31887328757199446,3
0,1,25.75,25.75,1,0,0,0,0,1,2692-PFYTJ,0,0,0.4129294144628332,0,0.3441305339701683,2
1,62,96.1,6019.35,1,1,3,2,1,1,9544-PYPSJ,0,0,0.2699939215984427,0,0.28401551045418133,4
0,47,58.6,2723.4,1,1,2,1,1,0,9633-DENPU,0,0,0.19128692771771122,0,0.1263278380187888,5
1,65,106.25,6979.8,12,0,4,2,2,1,7067-KSAZT,1,0,0.21426705261123413,0,0.2620762119098557,4
1,20,91.0,1859.5,12,1,2,0,2,0,4619-EVPHY,0,0,0.22273357487178078,0,0.4862419960284128,4
0,1,19.4,19.4,1,0,0,0,0,0,5766-ZJYBB,1,0,0.3460723748223028,0,0.28549611913767475,3
1,53,95.85,5016.25,12,1,2,0,2,1,2858-EIMXH,0,0,0.19826985564471677,0,0.3268612732563054,5
0,5,46.0,221.7,1,0,0,0,0,0,1809-DMJHQ,1,0,0.3642236141697083,0,0.4184751217411888,3
0,54,20.4,1090.6,24,1,0,0,0,0,0040-HALCW,0,0,0.018736407914764414,0,0.006614583899310911,9
1,72,92.45,6440.25,24,1,6,4,2,1,8580-QVLOC,1,0,0.018947115657338136,0,0.02378187817989045,9
0,49,87.2,4345.0,12,0,6,4,2,0,5204-HMGYF,0,0,0.09944527237536764,0,0.07907338108815118,6
0,32,73.6,2316.85,24,0,5,4,1,0,2498-XLDZR,0,0,0.06510489694582833,0,0.03136567016625701,7
0,49,59.6,2970.3,1,1,3,3,0,0,6322-HRPFA,0,0,0.14082971137915132,0,0.05933288192225471,5
0,2,91.45,171.45,1,0,2,1,1,1,4927-WWOOZ,0,1,0.7209788341951399,1,0.7062318155485618,0
0,11,70.2,760.05,1,0,0,0,0,0,2501-XWWTZ,0,0,0.43327463101212926,1,0.540620871612196,2
0,72,70.45,5165.7,24,1,4,4,0,1,3913-FCUUW,0,0,0.030143525640892514,0,0.006218781932962224,8
0,50,54.9,2614.1,12,1,1,1,0,1,2511-MORQY,0,0,0.060177997233772554,0,0.047024473534399515,7
0,22,54.7,1178.75,1,0,2,2,0,0,2087-QAREY,0,0,0.21766268716655365,0,0.20223579115379886,4
0,5,69.95,330.15,1,0,0,0,0,0,0330-IVZHA,1,1,0.5298750978338116,1,0.5848341427562158,1
0,49,40.65,2070.75,1,1,2,1,1,0,1530-ZTDOZ,0,0,0.19154653295020674,0,0.06814485666936337,5
0,17,44.45,792.15,12,1,3,2,1,0,2233-TXSIU,0,0,0.10885613556875727,0,0.07373073502836923,6
0,9,75.85,724.65,1,0,0,0,0,1,7354-OIJLX,0,1,0.5663079845440249,1,0.6212488438006971,1
0,39,25.0,1004.35,24,0,0,0,0,1,8219-VYBVI,0,0,0.02435355034240696,0,0.020751247759207146,8
0,8,20.2,140.95,12,1,0,0,0,0,2926-JEJJC,0,0,0.073575999438442,0,0.09061635890341822,7
1,30,74.85,2181.75,24,0,3,1,2,1,4079-VTGLK,0,0,0.136056691295273,0,0.1518235646556627,5
0,18,20.45,357.0,1,0,0,0,0,0,7010-ZMVBF,0,0,0.11532090069656639,0,0.1735742108508571,6
0,9,54.8,452.8,1,0,2,2,0,0,3948-FVVRP,0,0,0.27154495515166227,0,0.28254143608738863,4
0,4,29.65,118.5,1,0,1,1,0,0,8650-RHRKE,1,0,0.3441773730856515,0,0.24890865525265818,3
0,47,20.05,1016.7,24,1,0,0,0,0,7634-HLQJR,0,0,0.011687068758136597,0,0.008712967803390932,9
0,25,105.5,2686.05,1,0,5,3,2,0,5129-JLPIS,0,0,0.40539379035060336,0,0.4950686475316729,2
0,1,95.45,95.45,1,0,2,0,2,1,0295-PPHDO,1,1,0.8538223674737742,1,0.8135809380551603,0
0,6,74.9,469.8,1,0,0,0,0,1,4229-CZMLL,1,1,0.6223664035975807,1,0.6354672746574169,0
0,52,61.35,3169.55,1,1,2,2,0,1,1702-CCFNJ,0,0,0.16412773900437316,0,0.08637985179243783,5
0,48,108.1,5067.45,24,1,4,2,2,1,6583-SZVGP,0,0,0.20829533888689686,0,0.10692897693866138,4
0,3,74.55,233.65,1,0,1,1,0,0,2325-NBPZG,0,1,0.539265052200119,1,0.545676976126405,1
0,9,99.3,918.75,1,1,3,1,2,1,4445-ZJNMU,0,1,0.7317137252057655,1,0.6700901637943676,0
0,2,20.0,38.0,1,0,0,0,0,0,4237-CLSMM,0,0,0.20794578917127576,0,0.28075948715514676,4
0,72,19.95,1322.85,24,1,0,0,0,0,4277-BWBML,0,0,0.009844404018861629,0,0.0031543635272169557,9
1,67,94.65,6079.0,1,1,2,0,2,1,6173-GOLSU,0,0,0.39714822114424164,0,0.4117501305553201,2
0,62,20.3,1296.15,24,1,0,0,0,0,0962-CQPWQ,0,0,0.01059981561870704,0,0.004853736590609857,9
0,11,19.25,180.3,1,0,0,0,0,0,4946-EDSEW,1,0,0.14862407128335778,0,0.21035832355284836,5
0,64,19.7,1274.05,24,1,0,0,0,0,9135-HSWOC,0,0,0.012915764356599153,0,0.004370028699706873,9
0,3,90.4,268.45,1,0,3,2,1,0,0258-NOKBL,0,1,0.6090969660252212,1,0.5911323052523361,0
0,21,53.15,1183.2,24,0,5,4,1,0,9867-XOBQA,0,0,0.06961060972308698,0,0.024065478332707536,7
0,22,26.25,605.9,24,0,0,0,0,1,4950-HKQTE,0,0,0.030319234568506156,0,0.04077305132778507,8
0,26,20.9,518.3,1,0,0,0,0,0,9313-QOLTZ,0,0,0.0974865158524638,0,0.13424081023802314,6
0,36,55.8,1941.5,12,0,1,1,0,1,6784-XYJAE,0,0,0.07881423638144047,0,0.1008091034411904,7
0,43,99.3,4209.95,1,1,3,1,2,1,3524-WQDSG,0,0,0.44322041644945953,0,0.4476662513634151,2
1,4,89.2,346.2,1,0,2,1,1,1,2865-TCHJW,1,1,0.754957955331197,1,0.7514491958999016,0
0,46,55.0,2473.95,1,1,1,1,0,1,9931-KGHOA,0,0,0.1901042451830204,0,0.11570649702930604,5
1,35,91.0,3180.5,1,1,2,1,1,1,2378-HTWFW,0,0,0.3600538195738072,0,0.49598134886099854,3
0,1,70.6,70.6,1,0,0,0,0,0,5376-DEQCP,1,1,0.7565336202168739,1,0.6199224498453083,0
0,2,49.2,103.7,1,0,1,1,0,0,8805-JNRAZ,0,0,0.45630265871858655,0,0.3804946397239247,2
0,10,94.9,1048.85,1,0,3,1,2,0,7209-JCUDS,1,1,0.6652086985993609,1,0.6847644602823711,0
0,37,94.3,3460.95,24,0,3,2,1,1,5161-XEUVX,0,0,0.1250300284886492,0,0.11056089765674437,6
0,1,54.9,54.9,1,0,2,2,0,0,3658-KIBGF,1,0,0.4690171463596288,0,0.342575861142964,2
0,20,19.7,395.6,12,1,0,0,0,0,2466-FCCPT,0,0,0.0331313691858702,0,0.0577929486446265,8
0,69,104.0,7028.5,24,0,4,2,2,1,7036-TYDEC,0,0,0.15946297755084038,0,0.07539327205412162,5
0,69,95.75,6511.25,12,1,3,2,1,1,6265-SXWBU,0,0,0.13886596212135094,0,0.08903332292301794,5
0,1,20.05,20.05,1,0,0,0,0,0,9962-BFPDU,0,0,0.40962947943210454,0,0.2891526351002548,2
0,1,49.9,49.9,1,0,1,1,0,0,1536-HBSWP,0,0,0.4856136333201894,0,0.3930935663027985,1
0,7,50.3,355.1,1,1,1,1,0,0,1848-LBZHY,0,0,0.28688779442849766,0,0.28146599211098666,4
0,69,116.0,8182.85,24,0,6,4,2,1,0106-UGRDO,0,0,0.07137093710326545,0,0.0629048706955724,7
0,67,19.65,1335.2,24,0,0,0,0,0,1945-XISKS,0,0,0.02513959049777584,0,0.00526515486454294,8
0,55,55.7,3131.8,1,0,2,2,0,0,8400-WZICQ,0,0,0.1685464935512921,0,0.08029166931767026,5
0,67,36.15,2434.45,24,1,2,2,0,0,3884-UEBXB,0,0,0.04234190367167964,0,0.003579880495573108,8
0,9,34.7,296.1,1,1,1,0,1,0,0778-NELLA,1,0,0.3191032308291872,0,0.26861702344578625,3
0,71,104.65,7288.4,12,1,5,3,2,0,3324-OIRTO,0,0,0.14028847101108277,0,0.08372784623504877,5
1,72,84.1,5981.65,24,1,5,3,2,1,9919-FZDED,0,0,0.029196507910616707,0,0.025027756727284703,8
1,7,99.25,665.45,1,0,3,1,2,1,6861-XWTWQ,1,1,0.7925601512656659,1,0.8031708611877088,0
0,55,100.9,5552.05,12,0,4,2,2,0,7879-CGSFV,0,0,0.20248294810561795,0,0.19286294498260056,4
1,2,56.55,118.25,1,1,1,1,0,1,6048-QBXKL,0,1,0.5069904739944764,0,0.46367879719176486,1
0,48,103.85,4946.05,1,0,4,2,2,1,2038-LLMLM,0,0,0.426478542293585,0,0.4432555176330236,2
0,66,74.25,4859.25,12,1,0,0,0,1,1096-ADRUX,0,0,0.08663880479315227,0,0.07981826384098616,6
0,33,70.4,2406.1,1,1,0,0,0,0,4067-HLYQI,0,0,0.34260517103494176,0,0.3075493116648513,3
0,28,18.25,534.7,12,1,0,0,0,0,6823-SIDFQ,0,0,0.017987159832016746,0,0.04107868252705227,9
1,70,75.5,5212.65,24,1,4,3,1,1,0707-HOVVN,0,0,0.047472354269603965,0,0.01731864090013965,7
0,39,53.85,2200.7,24,1,1,1,0,1,1271-UODNO,0,0,0.049843866972698415,0,0.028367496395985525,7
0,14,87.25,1258.6,1,0,2,1,1,1,2845-HSJCY,1,1,0.5275448831133847,1,0.6049447690046105,1
0,13,78.75,995.35,1,0,4,2,2,1,2971-SGAFL,0,0,0.4311504582472838,0,0.4852234900396923,2
0,19,65.35,1231.85,12,1,3,2,1,0,0297-RBCSG,0,0,0.08277135171763281,0,0.12195616948948008,7
0,47,100.75,4669.2,1,0,4,3,1,1,9079-LWTFD,0,0,0.3809948409105602,0,0.31615376216151375,3
0,71,66.8,4689.15,12,1,6,4,2,0,1866-DIOQZ,0,0,0.0586059392916475,0,0.014723017922883162,7
1,7,75.4,533.05,1,0,0,0,0,1,2077-MPJQO,0,1,0.6452476589961731,1,0.7077916402891388,0
1,20,79.15,1520.9,1,0,1,1,0,1,4818-QIUFN,1,0,0.4678796856207217,1,0.5589764625517187,2
0,56,100.55,5514.95,12,0,3,1,2,1,2924-KHUVI,0,0,0.24511804094341982,0,0.2617288098579845,4
0,33,88.6,2888.7,1,1,3,3,0,1,5846-QFDFI,0,0,0.2448919483253693,0,0.23097559597832337,4
1,14,74.95,1036.75,1,0,0,0,0,1,9685-WKZGT,1,1,0.5254737229801826,1,0.658136617173577,1
0,5,19.95,107.05,1,0,0,0,0,0,6377-KSLXC,0,0,0.18595734062637323,0,0.2574852035736737,5
0,62,23.4,1429.65,24,1,0,0,0,1,6134-KWTBV,0,0,0.010084078705151099,0,0.005947469237373528,9
0,52,24.55,1331.05,24,0,0,0,0,1,2207-RYYRL,0,0,0.03819187030355886,0,0.012504532667045412,8
0,7,34.5,279.25,1,0,2,2,0,0,4323-SADQS,1,0,0.2920200673783534,0,0.19325748608043256,3
0,1,53.5,53.5,1,0,1,0,1,0,2386-LAHRK,1,1,0.6160206730899985,1,0.5302705154132228,0
0,4,20.95,85.5,1,1,0,0,0,0,9986-BONCE,1,0,0.20414399955217696,0,0.21426038235080588,4
0,50,98.25,4858.7,12,0,3,1,2,1,1357-BIJKI,0,0,0.22722219550067774,0,0.2788952959822235,4
1,65,109.05,7108.2,24,0,5,3,2,1,2307-FYNNL,0,0,0.14456826084057928,0,0.10047776478133603,5
0,18,96.05,1740.7,1,0,3,1,2,0,9692-TUSXH,1,0,0.4973374805649781,1,0.6405121218166955,1
0,71,82.55,5832.65,24,0,5,3,2,0,5702-KVQRD,0,0,0.037789117499010844,0,0.021351927533494686,8
0,28,59.55,1646.45,1,1,2,1,1,0,4945-RVMTE,0,0,0.19072081435307794,0,0.21914243054859953,5
0,9,20.45,147.55,1,1,0,0,0,0,1385-TQOZW,0,0,0.15504072601481383,0,0.17994318550038438,5
0,21,77.5,1625.0,12,0,4,3,1,1,8559-CIZFV,1,0,0.10843871771816724,0,0.16605616654403785,6
0,30,66.3,1923.5,1,1,3,2,1,0,5018-LXQQG,0,0,0.16940265839975488,0,0.185172953489148,5
0,63,81.15,5224.5,12,1,2,2,0,0,5297-MDOIR,0,0,0.07428149521875202,0,0.05332617085276247,7
0,9,43.75,405.7,1,0,0,0,0,0,4570-QHXHL,0,0,0.2783900971519431,0,0.3701500321456415,4
0,48,105.25,4997.5,1,1,4,2,2,1,6891-JPYFF,0,0,0.4027175958071594,0,0.38029988387115454,2
0,21,19.95,416.4,1,0,0,0,0,0,3623-FQBOX,0,0,0.11083189640354413,0,0.1554151919231461,6
0,67,105.7,6816.95,12,1,4,2,2,1,4753-PADAS,0,0,0.18814852370021184,0,0.13981479828935758,5
0,24,49.7,1218.25,1,0,1,1,0,0,2843-CQMEG,0,0,0.19118612109988056,0,0.22563401700481547,5
0,64,24.9,1595.5,12,0,0,0,0,1,6096-EGVTU,0,0,0.0396337562521324,0,0.01925909098877729,8
1,3,77.0,237.75,1,0,0,0,0,1,8258-GSTJK,1,1,0.6915464311837638,1,0.741041463223611,0
0,68,60.3,4109.0,24,1,5,3,2,0,8181-YHCMF,0,0,0.025811501100243044,0,0.007455382524364833,8
0,21,64.85,1336.8,12,0,3,2,1,0,4223-BKEOR,0,0,0.10564488357647935,0,0.14814507610136596,6
0,25,69.75,1729.35,1,0,0,0,0,0,7504-UWHNB,0,0,0.34856026095245524,0,0.4279011017976985,3
0,23,20.3,470.6,1,1,0,0,0,0,8204-TIFGJ,0,0,0.10901664021998396,0,0.11236795257934645,6
0,72,84.5,6130.85,24,1,1,0,1,1,7971-HLVXI,0,0,0.15591656498546938,0,0.04687808574659996,5
0,22,20.3,467.15,12,1,0,0,0,0,3125-RAHBV,0,0,0.02691346017498324,0,0.05474135064406664,8
0,47,54.25,2538.2,1,0,1,1,0,1,3209-ZPKFI,0,0,0.1908244042258176,0,0.14435059467176717,5
0,18,95.95,1745.5,1,1,3,1,2,0,4647-MUZON,0,0,0.41067717690631916,1,0.5667809693171019,2
0,58,20.75,1185.95,24,0,0,0,0,0,6625-FLENO,0,0,0.017267571780128357,0,0.007760892927158186,9
0,35,61.2,2021.2,12,0,3,3,0,0,3727-OWVYD,0,0,0.06901447132163384,0,0.05771372639535745,7
0,6,78.95,494.95,1,0,2,2,0,0,5760-FXFVO,0,1,0.5385865873268699,0,0.46573450003082245,1
0,51,19.95,1028.75,24,0,0,0,0,0,1574-DYCWE,0,0,0.012890793260389525,0,0.009961292419097432,9
0,31,19.55,658.95,1,0,0,0,0,0,2484-DGXPZ,1,0,0.1028993382903722,0,0.10990458495304353,6
0,54,20.35,1092.35,24,1,0,0,0,0,7647-GYYKX,0,0,0.018736407914764414,0,0.006607483171226331,9
0,4,44.8,169.65,1,0,0,0,0,0,2480-SQIOB,0,0,0.34367222138952497,0,0.41884456165476014,3
0,4,73.9,280.85,1,0,1,1,0,0,0004-TLHLJ,1,1,0.5339025635845706,1,0.53255134983267,1
0,16,95.6,1555.65,1,1,3,2,1,1,0637-YLETY,1,0,0.3794739180977922,0,0.48878550936012555,3
0,7,75.1,552.95,1,1,0,0,0,1,7912-SYRQT,1,1,0.5760131760159021,1,0.5560290914276903,1
0,46,65.65,3047.15,24,0,4,4,0,0,6374-AFWOX,0,0,0.04730369484995069,0,0.014359658643167069,7
0,69,80.65,5542.55,24,1,5,3,2,0,5457-COLHT,0,0,0.0383461855209608,0,0.01558927575578734,8
0,36,89.65,3348.1,12,1,5,3,2,1,0725-CXOTM,0,0,0.12561302956051906,0,0.13605896538892628,6
0,48,25.05,1171.5,12,1,0,0,0,1,2332-TODQS,0,0,0.03007811498697989,0,0.026132518168995672,8
0,72,105.5,7611.55,24,1,5,3,2,0,1090-ESELR,0,0,0.07043354168809529,0,0.03700635899769732,7
0,9,69.5,653.25,1,0,4,3,1,0,5186-EJEGL,0,0,0.32301596467407245,0,0.32061247030666057,3
0,64,73.05,4688.65,12,1,4,2,2,0,7690-KPNCU,0,0,0.09812849414667271,0,0.046355471785727964,6
0,45,95.2,4285.8,24,1,3,1,2,0,6568-POCUI,0,0,0.12022369496512994,0,0.09826658844790118,6
0,5,20.05,95.55,1,1,0,0,0,0,2159-TURXX,0,0,0.18118301689163777,0,0.20340870648449,5
1,50,105.05,5163.3,24,1,4,2,2,1,7516-GMHUV,0,0,0.1892364037485208,0,0.12697634359689083,5
0,41,70.2,2894.55,12,0,4,3,1,0,6061-GWWAV,0,0,0.10202809339976115,0,0.07176817365655733,6
0,28,20.3,487.95,24,1,0,0,0,0,9950-MTGYX,0,0,0.01522630923796397,0,0.017966702737636227,9
0,70,98.7,6858.9,24,1,4,3,1,1,4686-GEFRM,0,0,0.06301662951817608,0,0.02973481097666626,7
1,1,85.0,85.0,1,0,2,1,1,0,6230-BSUXY,1,1,0.8191887116837755,1,0.7270068990670269,0
0,41,56.3,2364.0,12,1,1,1,0,1,2746-DIJLO,0,0,0.07632277700614756,0,0.06744527950007724,7
0,43,84.25,3539.25,12,1,3,3,0,0,7654-YWJUF,0,0,0.08507326638935453,0,0.07138572984769324,7
0,55,96.8,5283.95,1,0,2,0,2,1,1264-BYWMS,1,0,0.45680488539580744,1,0.5112287264353131,2
0,63,75.7,4676.7,24,0,4,3,1,1,3902-MIVLE,0,0,0.04925712375673666,0,0.020598299707414263,7
0,24,20.8,469.65,12,1,0,0,0,0,6527-PZFPV,0,0,0.053664352097000816,0,0.051160708397678695,7
0,22,20.85,450.65,12,1,0,0,0,0,9746-UGFAC,0,0,0.027558961002432828,0,0.055383407294566984,8
0,7,20.65,150.0,12,0,0,0,0,0,3750-YHRYO,0,0,0.05505097829462666,0,0.12534920159687665,7
0,52,25.05,1270.25,24,1,0,0,0,1,0732-OCQOC,0,0,0.023738851457614202,0,0.009264947101982259,8
0,50,70.5,3486.65,24,1,3,2,1,1,0263-FJTQO,0,0,0.04528942259081528,0,0.026768107245534443,8
1,21,64.95,1339.8,1,1,3,2,1,0,3179-GBRWV,0,0,0.24334101092307178,0,0.2929884329838849,4
0,2,79.55,151.75,1,0,1,1,0,1,3420-YJLQT,0,1,0.6592061496134183,1,0.6099683347566257,0
0,19,19.65,358.15,24,0,0,0,0,0,3865-ZFZIB,0,0,0.018587775374353844,0,0.03394982895682486,9
0,34,24.95,894.3,24,1,0,0,0,1,3957-SQXML,0,0,0.02618636786322153,0,0.018585655710288432,8
1,37,76.25,2841.55,1,0,0,0,0,1,8696-JKZNU,1,0,0.426773638538259,1,0.5001369088783723,2
0,6,50.35,314.55,1,0,0,0,0,1,0096-BXERS,0,0,0.35487898437302895,0,0.4650743905904669,3
0,3,20.0,49.65,1,1,0,0,0,0,7808-DVWEP,0,0,0.20529350212883468,0,0.216114172745173,4
1,8,80.65,633.3,1,1,1,1,0,1,7495-OOKFY,1,1,0.6321804228915923,1,0.5841472083133638,0
1,30,91.7,2758.15,1,1,3,3,0,1,2684-EIWEO,1,0,0.2576383289034846,0,0.33998325878934804,4
0,3,35.1,101.1,1,0,2,2,0,0,3594-KADLU,0,0,0.43650384100507844,0,0.2191622397582116,2
0,66,19.75,1344.5,24,0,0,0,0,0,7729-XBTWX,0,0,0.014239600149826082,0,0.005517052062725812,9
0,64,100.3,6603.8,12,1,4,2,2,0,5223-UZAVK,0,0,0.174496050946861,0,0.12253262447207672,5
0,61,89.2,5500.6,1,0,2,1,1,1,7251-XFOIL,0,0,0.3380349934142528,0,0.3014158308646912,3
0,21,19.8,350.1,12,0,0,0,0,0,8779-YIQQA,0,0,0.024941137057683894,0,0.07365489908361832,8
0,61,24.4,1417.9,24,0,0,0,0,1,4785-FCIFB,0,0,0.01502792864422826,0,0.008630613708603038,9
0,40,24.6,973.95,24,0,0,0,0,1,4526-EXKKN,0,0,0.02302288378595038,0,0.01959317885815325,8
1,2,44.95,85.15,1,0,0,0,0,0,4208-UFFGW,1,1,0.5260286376601188,1,0.5240053222396125,1
0,1,44.75,44.75,1,0,0,0,0,0,2672-OJQZP,0,0,0.4951526474034111,0,0.44498896325074117,1
0,22,89.4,2001.5,1,0,3,2,1,0,1902-XBTFB,1,0,0.37196012937347467,0,0.4528172334698027,3
0,37,19.35,683.75,1,0,0,0,0,0,5917-HBSDW,0,0,0.10926961689845684,0,0.08709616081638276,6
0,61,114.1,7132.15,1,0,5,3,2,1,6710-HSJRD,0,0,0.26311953617406625,0,0.3767241276266645,4
1,18,78.55,1422.65,1,0,1,0,1,0,6877-LGWXO,1,0,0.47280510231178524,1,0.6567489268301665,1
0,1,69.5,69.5,1,0,0,0,0,0,0488-GSLFR,1,1,0.7711998914058398,1,0.6127768280218872,0
0,3,75.3,244.1,1,0,4,2,2,0,5122-CYFXA,0,1,0.5052073446071925,1,0.5135220533585714,1
0,51,81.15,4126.2,12,1,5,4,1,1,6194-HBGQN,0,0,0.07684866832071086,0,0.045131952104546,7
0,58,24.45,1513.6,24,1,0,0,0,1,5356-KZCKT,0,0,0.015981454789482458,0,0.007351054352562552,9
0,3,20.55,57.4,12,1,0,0,0,0,5808-TOTXO,0,0,0.07265943667084178,0,0.10944504981365162,7
0,46,38.25,1755.35,24,0,3,3,0,0,6119-SPUDB,0,0,0.04580717171254265,0,0.00790654113916506,8
0,72,63.8,4684.3,24,1,6,4,2,0,0301-FIDRB,0,0,0.018615746539008854,0,0.005334830848473518,9
0,9,19.85,178.8,1,0,0,0,0,0,0310-VQXAM,0,0,0.15975157264759512,0,0.2277367274429502,5
0,19,100.95,1875.55,12,0,3,1,2,1,5828-AVIPD,1,0,0.30478964665160563,0,0.49107381751551255,3
0,10,40.25,411.45,12,0,3,3,0,0,1729-VLAZJ,0,0,0.0865124812363673,0,0.07190256536955185,6
0,1,80.05,80.05,1,0,1,0,1,0,8821-XNHVZ,1,1,0.8227257541964517,1,0.7006968686007661,0
0,34,24.7,780.2,1,0,0,0,0,1,1744-JHKYS,0,0,0.12063713712715476,0,0.12328984965777895,6
0,72,114.45,8375.05,24,1,6,4,2,1,7359-WWYJV,0,0,0.03153004028945938,0,0.041193398249011644,8
1,63,103.5,6479.4,1,0,4,2,2,1,1035-IPQPU,0,0,0.39271557339838964,0,0.42999838067660084,2
0,23,93.5,2341.55,1,0,2,0,2,1,2985-FMWYF,0,1,0.5297859520192917,1,0.6994472582982739,1
0,19,18.8,279.2,12,0,0,0,0,0,7369-TRPFD,0,0,0.024061853208604753,0,0.07690270536918464,8
0,72,101.3,7261.25,24,1,4,3,1,1,0019-EFAEP,0,0,0.04643906375055454,0,0.031238197022317917,7
0,1,55.7,55.7,1,0,2,2,0,0,2043-WVTQJ,0,0,0.4800912923715338,0,0.3475426332450407,1
0,64,81.05,5135.35,1,0,2,2,0,0,2250-IVBWA,0,0,0.26639899021513075,0,0.141203148037104,4
0,8,51.3,411.6,1,1,1,1,0,0,6483-OATDN,0,0,0.28022942408807155,0,0.28020228333590047,4
0,22,89.25,1907.85,1,0,2,0,2,0,1894-IGFSG,1,0,0.49269511761021856,1,0.6463250905243231,1
0,53,71.85,3827.9,1,0,3,2,1,1,9822-BIIGN,0,0,0.2478314061550379,0,0.16811914625801658,4
1,65,100.75,6674.65,12,0,3,1,2,1,3756-VNWDH,0,0,0.2112298972423916,0,0.29315556820755806,4
0,40,26.2,1077.5,1,0,0,0,0,1,2129-ALKBS,0,0,0.13530403568258811,0,0.1063243623291622,6
0,32,19.45,674.55,1,1,0,0,0,0,2171-UDMFD,0,0,0.11905689318825585,0,0.08005761082836653,6
1,40,103.75,4188.4,12,1,4,2,2,1,7251-LJBQN,0,0,0.20846335027926866,0,0.31105236660888497,4
0,54,79.95,4362.05,24,1,2,2,0,0,6950-TWMYB,0,0,0.04957152180802257,0,0.02754856876693941,7
0,1,45.8,45.8,1,0,0,0,0,0,5133-POWUA,0,1,0.5404023333722969,0,0.45212396183549725,1
0,19,24.1,439.2,1,1,0,0,0,1,4830-FAXFM,0,0,0.14624377494233737,0,0.154575975870002,5
0,29,69.05,1958.45,12,1,3,2,1,1,8690-UPCZI,0,0,0.07091255091662244,0,0.11061877326717624,7
1,23,90.45,2117.25,1,0,2,0,2,0,6507-ZJSUR,0,1,0.508975681776389,1,0.7260593551453478,1
0,1,79.35,79.35,1,1,1,0,1,0,9507-EXLTT,1,1,0.7825275750395155,1,0.6281949949856136,0
0,70,84.7,5991.05,24,0,5,3,2,1,2987-BJXIK,0,0,0.04625381574361539,0,0.02660040293875959,8
0,34,109.8,3587.25,1,0,5,3,2,1,3331-HQDTW,1,0,0.3599310472417729,0,0.48934291492683013,3
0,3,20.85,60.65,1,0,0,0,0,0,7764-BDPEE,0,0,0.22894764955484637,0,0.27756956872491145,4
0,45,24.65,1138.8,24,1,0,0,0,1,8292-ITGYJ,0,0,0.02235581519608297,0,0.012065422741041214,9
0,13,23.9,300.8,1,0,0,0,0,0,6834-NXDCA,1,0,0.1526767231724734,0,0.22068281815059018,5
0,49,35.8,1782.0,12,1,2,2,0,0,5170-PTRKA,0,0,0.05891899573597541,0,0.01669514925807168,7
1,1,95.1,95.1,1,0,2,0,2,1,5178-LMXOP,1,1,0.8986100875981144,1,0.8595535465462437,0
0,28,90.45,2509.25,12,0,2,1,1,1,1174-FGIFN,0,0,0.19573425828164598,0,0.33048058009875503,5
0,53,85.7,4616.1,1,0,5,3,2,1,1492-QGCLU,0,0,0.27115197856266593,0,0.2065539165733207,4
0,3,19.6,59.75,1,0,0,0,0,0,1087-UDSIH,1,0,0.19699827444459955,0,0.2707475795201932,5
0,2,50.3,92.75,1,0,1,1,0,0,9992-UJOEL,0,0,0.4653030782991838,0,0.3871786618683475,2
1,1,69.5,69.5,1,1,0,0,0,0,5186-SAMNZ,1,1,0.6848029722110763,1,0.6224232869538064,0
0,66,49.4,3251.85,12,1,1,1,0,0,5498-IBWPI,0,0,0.06077533076458323,0,0.02109466876165114,7
0,58,20.5,1191.4,24,1,0,0,0,0,2346-LOCWC,0,0,0.013830306680508442,0,0.0056878679041407094,9
0,72,109.5,7854.9,24,1,6,4,2,0,3831-YCPUO,0,0,0.037692306887119005,0,0.030322939941524713,8
0,54,70.15,3715.65,12,1,2,0,2,1,9378-FXTIZ,1,0,0.1251360634492589,0,0.11649530311774253,6
1,20,80.7,1614.2,1,1,1,0,1,0,6729-GDNGC,0,0,0.38866581224237456,1,0.5857139497301659,2
0,60,60.5,3694.45,24,1,3,3,0,0,7139-JZFVG,0,0,0.02604967404802182,0,0.00804338806699822,8
0,44,19.6,780.25,1,0,0,0,0,0,1051-EQPZR,0,0,0.1171850704676844,0,0.06746311204628928,6
0,71,25.6,1888.25,24,1,0,0,0,1,2169-RRLFW,0,0,0.010778073055776079,0,0.004637414786258659,9
0,2,19.95,38.15,1,0,0,0,0,0,1796-JANOW,0,0,0.20794578917127576,0,0.28048874873040985,4
0,69,112.55,7806.5,24,1,6,4,2,1,6993-YGFJV,0,0,0.08208828160843865,0,0.04056569200125507,7
0,49,99.05,4853.75,1,1,3,1,2,1,5536-RTPWK,1,0,0.41891910386272074,0,0.40882586749224936,2
0,1,19.25,19.25,1,0,0,0,0,0,9374-YOLBJ,0,0,0.3409442021586699,0,0.28465626103295955,3
0,7,61.4,438.9,1,0,3,3,0,0,0567-GGCAC,0,0,0.2471448393028886,0,0.26438815556304446,4
0,64,58.35,3756.45,12,1,2,2,0,1,6872-HXFNF,0,0,0.05918190912395991,0,0.024544057214660166,7
0,6,40.55,217.5,24,0,3,3,0,0,7816-VGHTO,0,0,0.10423347807576237,0,0.03525234199292519,6
0,13,83.2,1060.6,1,0,2,1,1,0,0689-NKYLF,1,1,0.5209504135535921,1,0.5567834640037091,1
0,29,20.2,558.8,24,0,0,0,0,0,0625-AFOHS,0,0,0.011333605877574862,0,0.023472692389179615,9
1,48,29.9,1388.75,12,1,1,1,0,0,9758-MFWGD,0,0,0.06800577145703167,0,0.027775314091187782,7
1,1,85.05,85.05,1,0,1,0,1,1,1069-XAIEM,1,1,0.9024431628009557,1,0.8074777953803246,0
1,65,110.35,7246.15,24,0,5,3,2,1,3729-OWRVL,0,0,0.13286305415537047,0,0.10583434461545753,6
0,21,19.6,390.4,24,0,0,0,0,0,4703-MQYKT,0,0,0.022182891960379054,0,0.031372507586078464,9
0,3,85.3,264.8,1,0,1,0,1,1,8593-WHYHV,1,1,0.7241444657677069,1,0.7381715716660492,0
0,0,80.85,0.0,24,0,5,3,2,0,5709-LVOEQ,0,0,0.11634238710509616,0,0.1438051765345073,6
0,10,64.9,685.55,12,0,3,2,1,0,5081-NWSUP,0,0,0.11370847876791443,0,0.20045452012241094,6
0,29,19.1,529.5,12,0,0,0,0,0,8873-TMKGR,0,0,0.015906034919152594,0,0.05397291097095361,9
0,52,95.65,5088.4,1,1,3,2,1,1,2279-AXJJK,0,0,0.28445305773402835,0,0.2672834143352801,4
0,48,60.35,2896.4,12,1,3,3,0,0,8869-TORSS,1,0,0.06127358808111844,0,0.028292779669756657,7
0,1,20.3,20.3,1,1,0,0,0,0,3090-QFUVD,0,0,0.3324359063190019,0,0.23155673717648842,3
0,62,24.25,1424.6,24,1,0,0,0,1,8028-PNXHQ,0,0,0.010809969502017035,0,0.006081334306507619,9
0,3,40.15,130.75,1,0,2,1,1,0,6338-AVWCY,1,0,0.4193117497588497,0,0.33823556814485767,2
1,8,75.75,606.25,1,0,0,0,0,1,7130-VTEWQ,1,1,0.6252784247361277,1,0.7033678067678971,0
0,43,66.25,2907.35,1,1,3,3,0,1,6171-ZTVYB,0,0,0.1483068354796006,0,0.09642423839246453,5
0,66,65.7,4378.9,24,1,3,3,0,1,0531-XBKMM,0,0,0.0295143637539952,0,0.008835229945230736,8
0,33,100.0,3320.6,1,0,3,1,2,1,8709-KRDVL,0,0,0.49086665358185927,1,0.5984233963330697,1
1,66,102.4,6471.85,24,1,3,1,2,1,0201-MIBOL,0,0,0.14547590961585605,0,0.10747303869702186,5
0,16,55.3,875.35,1,0,1,1,0,1,5402-HTOTQ,0,0,0.24938545349338184,0,0.3327067867475467,4
0,11,20.6,233.9,12,0,0,0,0,0,2907-ILJBN,0,0,0.03723416573716701,0,0.10895724569539633,8
0,72,20.3,1401.15,24,1,0,0,0,0,0794-YVSGE,0,0,0.007949257099012726,0,0.003225194205356954,9
0,29,70.9,1964.6,12,1,3,2,1,1,4903-CNOZC,0,0,0.07633666781940274,0,0.11579024366837457,7
0,2,94.2,193.8,1,1,2,0,2,1,3006-XIMLN,1,1,0.7624093912793822,1,0.7513145261501766,0
0,1,69.65,69.65,1,0,0,0,0,0,7254-IQWOZ,1,1,0.7831216899456827,1,0.6137541703820244,0
0,14,66.6,979.5,1,1,2,1,1,1,2257-BOVXD,0,0,0.2906059526384275,0,0.3798747748529608,3
0,53,19.85,1049.6,24,1,0,0,0,0,6349-JDHQP,0,0,0.030631980010013916,0,0.006754441996793345,8
0,2,70.95,137.95,1,0,0,0,0,0,3721-CNEYS,1,1,0.566275904567492,1,0.6146670899128724,1
0,59,111.1,6555.2,24,0,5,3,2,1,8591-TKMZH,0,0,0.1588951764978485,0,0.08972011199411509,5
0,6,55.9,365.35,1,1,2,2,0,0,5876-HZVZM,1,0,0.2663677143723497,0,0.2507291435999924,4
0,64,19.45,1208.6,24,1,0,0,0,0,6848-HJTXY,0,0,0.01239258750967552,0,0.004294718728933096,9
0,42,50.25,2203.65,1,0,0,0,0,1,3982-XWFZQ,1,0,0.18479531979946148,0,0.20187682789970612,5
0,48,20.65,1057.0,24,1,0,0,0,0,1862-QRWPE,0,0,0.01676037112198751,0,0.008543501396708389,9
0,52,35.45,1958.95,12,0,2,2,0,0,5245-VDBUR,0,0,0.07362489941124649,0,0.020273815923314988,7
0,67,111.05,7321.05,24,0,6,4,2,0,2323-ARSVR,0,0,0.08343576187481437,0,0.047933666149990936,7
0,29,94.2,2607.6,1,0,3,1,2,0,0082-OQIQY,0,0,0.43997735920372405,1,0.5492626506584272,2
0,2,19.85,35.9,12,0,0,0,0,0,4464-JCOLN,1,0,0.06128125975275585,0,0.14561944855767317,7
0,34,100.05,3480.0,1,0,3,1,2,1,8397-MVTAZ,1,0,0.4889076330921041,1,0.5946962385179779,1
0,65,25.1,1725.0,24,1,0,0,0,1,5666-MBJPT,0,0,0.013494562502869834,0,0.005750764884513632,9
0,10,56.75,503.25,1,1,1,0,1,0,0463-ZSDNT,0,0,0.27594737688432647,0,0.39925635943612614,4
0,19,25.15,468.35,1,1,0,0,0,0,1559-DTODC,0,0,0.12914808368496167,0,0.1463259679915569,6
0,55,100.9,5448.6,12,0,3,1,2,1,2696-ECXKC,0,0,0.23981217238117797,0,0.26983160800150846,4
0,3,69.35,191.35,1,0,3,1,2,0,9048-JVYVF,1,1,0.5063111132600437,1,0.5591985042210211,1
0,3,80.0,241.3,1,0,2,2,0,0,9643-AVVWI,0,1,0.550936087555245,0,0.4946075401205139,1
1,32,19.8,587.7,12,1,0,0,0,0,5917-RYRMG,0,0,0.020999724365835578,0,0.05104735600288905,9
0,69,19.9,1363.45,24,0,0,0,0,0,6345-FZOQH,0,0,0.012897271124544495,0,0.004891081864294607,9
0,11,19.5,226.8,12,0,0,0,0,0,7649-PHJVR,0,0,0.03170137458551889,0,0.10596548450654991,8
0,17,20.15,353.65,12,0,0,0,0,0,5505-OVWQW,0,0,0.021772170239737466,0,0.08700678989730791,9
0,58,75.2,4300.8,12,1,4,2,2,0,6848-YLDFR,0,0,0.09329531416548431,0,0.05886888945382388,6
0,1,59.2,59.2,1,0,2,1,1,0,3891-PUQOD,1,1,0.5170291505349729,0,0.4807474249019097,1
0,1,25.85,25.85,12,0,0,0,0,0,3069-SSVSN,0,0,0.1575709471072293,0,0.17301489741783124,5
0,71,80.6,5708.2,24,1,5,4,1,1,7998-WNZEM,0,0,0.027145699398658126,0,0.010311878203606292,8
0,53,25.55,1336.1,24,1,0,0,0,1,3088-FVYWK,0,0,0.034568407179553555,0,0.009097629573494465,8
1,16,74.3,1178.25,1,1,1,1,0,0,7503-QQRVF,1,0,0.3680651380389306,0,0.4538809593351622,3
0,24,24.6,605.25,12,1,0,0,0,1,1131-ALZWV,0,0,0.036272027583552524,0,0.0631806133304367,8
0,30,90.25,2755.35,1,0,2,0,2,0,6032-KRXXO,1,0,0.4585993358559588,1,0.6049048467077872,2
0,20,24.45,482.8,1,0,0,0,0,0,5590-YRFJT,1,0,0.1249123666768345,0,0.18000404103754833,6
0,3,83.75,247.25,1,0,2,1,1,0,0923-PNFUB,1,1,0.6285938989200037,1,0.6314552225248664,0
0,19,20.6,414.95,1,0,0,0,0,0,1038-RQOST,0,0,0.11031028212349808,0,0.16942051947024533,6
0,60,110.8,6640.7,24,1,5,3,2,1,9330-VOFSZ,0,0,0.1324054624803165,0,0.06531346362261403,6
0,8,74.5,609.9,1,0,1,1,0,0,3235-ETOOB,1,1,0.5224396275386982,1,0.5073114226385109,1
0,6,19.85,119.3,1,0,0,0,0,0,6164-HXUGH,0,0,0.16021260400610937,0,0.24925934951164797,5
0,13,88.35,1222.8,1,0,2,0,2,0,3143-JQEGI,1,1,0.5479616543028302,1,0.7009379804179611,1
0,30,19.55,608.5,12,1,0,0,0,0,7061-OVMIM,0,0,0.02139273457082885,0,0.03960770032441313,9
0,58,107.75,6332.75,12,0,5,3,2,1,2000-MPKCA,0,0,0.2486655284628456,0,0.18201442668418968,4
1,15,94.65,1285.05,1,0,3,1,2,0,6583-KQJLK,0,1,0.5806849442406127,1,0.7193674328663686,1
1,29,35.65,1025.15,1,0,2,2,0,0,6773-LQTVT,0,0,0.2564532692791283,0,0.13365278932471367,4
1,3,105.9,334.65,1,0,4,2,2,1,1400-MMYXY,1,1,0.7173388513563158,1,0.7941647415431584,0
0,19,19.95,373.5,24,0,0,0,0,0,5469-NUJUR,0,0,0.017310496998881784,0,0.034302064150316725,9
0,34,79.95,2727.3,12,1,5,3,2,0,3229-USWAR,0,0,0.12071731698415122,0,0.09738313640420923,6
0,43,77.85,3365.85,1,0,1,1,0,1,0475-RIJEP,1,0,0.3652818112119442,0,0.3037123190981037,3
1,60,80.95,4859.1,1,0,1,1,0,1,7426-WEIJX,0,0,0.3300099828164456,0,0.29289517484317196,3
0,72,99.9,7251.7,24,1,4,3,1,1,6234-RAAPL,0,0,0.045536988081248515,0,0.030056403547434517,8
0,69,97.65,6743.55,24,1,4,3,1,1,0727-BNRLG,0,0,0.06877237932448513,0,0.029600429978666028,7
0,72,91.15,6637.9,24,1,6,4,2,1,1227-UDMZR,0,0,0.019966503774692834,0,0.016858260664820338,9
0,8,65.5,564.35,24,0,3,2,1,0,8792-AOROI,0,0,0.08110141248679016,0,0.0997105522857299,7
0,35,89.2,3251.3,12,0,3,2,1,0,2758-RNWXS,0,0,0.13312332876670824,0,0.2023509965840201,6
0,1,19.9,19.9,1,0,0,0,0,0,2369-FEVNO,0,0,0.40813643167598096,0,0.2883063607716714,2
0,52,25.75,1345.85,24,0,0,0,0,1,8532-UEFWH,0,0,0.03238510463714261,0,0.012946422397666633,8
1,7,76.45,503.6,1,1,1,1,0,0,2070-FNEXE,1,1,0.5142544360763225,1,0.5371380397354472,1
0,50,35.4,1748.9,12,0,2,2,0,0,0121-SNYRK,0,0,0.07565923761004706,0,0.021291216115198557,7
0,71,23.9,1663.5,24,1,0,0,0,1,1555-HAPSU,0,0,0.00913318053647176,0,0.004269903165377599,9
0,64,19.55,1240.15,24,0,0,0,0,0,2616-FLVQC,0,0,0.016583807647515478,0,0.005874149933269666,9
0,28,54.35,1426.45,12,0,2,2,0,0,3422-WJOYD,0,0,0.08634983922624602,0,0.08147940655780954,6
0,29,80.15,2265.25,1,1,1,1,0,1,4818-DRBQT,1,0,0.32106718331071304,0,0.34205903427790607,3
0,49,30.2,1453.1,1,1,1,1,0,0,5533-RJFTJ,0,0,0.1809561117264729,0,0.04298174770069929,5
0,18,20.25,401.95,1,0,0,0,0,0,4054-CUMIA,0,0,0.11422613207788991,0,0.17383826960633098,6
0,9,55.3,501.2,1,0,1,1,0,1,3173-NVMPX,0,0,0.3113389965355048,0,0.38757147101468375,3
0,7,19.25,112.3,1,0,0,0,0,0,4541-RMRLG,1,0,0.1496311182781664,0,0.23815271389232964,5
0,63,91.35,5764.7,12,0,2,1,1,1,4184-VODJZ,0,0,0.1527382880683739,0,0.16128705772166196,5
0,7,40.1,293.3,1,1,2,1,1,0,2187-LZGPL,1,0,0.28715413970753406,0,0.24526756840324754,4
0,24,54.75,1338.15,1,0,1,1,0,1,7619-ODSGN,1,0,0.1931561182963113,0,0.27333473644508094,5
1,19,66.4,1286.05,1,1,3,2,1,0,1697-NVVGY,0,0,0.24638983773623285,0,0.3176578364292561,4
1,8,100.15,908.55,1,1,3,1,2,1,2754-SDJRD,0,1,0.7889245373612697,1,0.7541088727996291,0
1,72,114.95,8196.4,24,1,6,4,2,1,6919-ELBGL,0,0,0.0290529794452368,0,0.05651776468549016,8
0,28,106.1,2847.4,12,0,4,2,2,1,3325-FUYCG,1,0,0.27056418590096987,0,0.38301547365831917,4
0,26,73.05,1959.5,1,0,4,2,2,0,5949-HGVJL,0,0,0.32424181603616786,0,0.32919587234578784,3
0,19,24.85,434.8,1,0,0,0,0,0,7909-FIOIY,0,0,0.13204962164935227,0,0.1868744376803733,6
0,6,48.95,273.25,1,1,0,0,0,1,2720-FVBQP,0,0,0.3655057627772241,0,0.37947441691708783,3
0,63,58.55,3503.5,12,1,2,1,1,0,3055-VTCGS,0,0,0.06285700858178613,0,0.0350050322692243,7
0,5,19.45,86.05,1,0,0,0,0,0,1257-SXUXQ,0,0,0.16825966566620731,0,0.25423591308765153,5
0,71,97.2,6910.3,24,0,3,1,2,1,9715-WZCLW,0,0,0.13494071555731352,0,0.08001255782184209,6
0,3,43.3,123.65,1,0,0,0,0,0,7587-RZNME,1,0,0.3774770416177972,0,0.4174596333092605,3
0,2,80.2,181.1,1,0,1,0,1,0,8086-OVPWV,1,1,0.6696984089567775,1,0.6960133000189291,0
0,72,110.15,7881.2,24,1,5,3,2,1,9070-BCKQP,0,0,0.054597246101849004,0,0.04787084592689083,7
0,10,18.85,163.2,1,0,0,0,0,0,5863-OOKCL,0,0,0.1510062801473847,0,0.21522318022191791,5
0,1,20.3,20.3,1,0,0,0,0,0,9122-UMROB,0,0,0.3832130508678986,0,0.29056636148920717,3
0,4,77.85,299.2,1,0,1,0,1,0,6376-GAHQE,1,1,0.6115742036400063,1,0.6677223502450966,0
0,27,52.85,1498.65,24,1,2,2,0,0,6064-ZATLR,0,0,0.04770911430510398,0,0.02621167491983607,7
0,52,89.45,4577.75,24,1,2,1,1,1,6900-RBKER,0,0,0.062476364677049846,0,0.06727818280147127,7
0,22,80.0,1706.45,1,1,1,0,1,0,8212-CRQXP,0,0,0.37531145363912033,0,0.4772406930425814,3
1,1,69.95,69.95,1,0,0,0,0,0,8000-REIQB,1,1,0.7767203305925655,1,0.6940486528134749,0
0,10,54.95,568.85,1,1,2,2,0,0,8735-DCXNF,0,0,0.232245253583886,0,0.2212160425028002,4
0,48,55.8,2651.2,12,1,2,2,0,0,5306-BVTKJ,0,0,0.06803470861902063,0,0.03403733105105665,7
0,1,20.8,20.8,1,0,0,0,0,0,4013-GUXND,0,0,0.3993516204184813,0,0.29340601688828666,2
0,12,20.05,264.55,24,0,0,0,0,0,3239-TPHPZ,0,0,0.021117107678726068,0,0.04507093404194295,9
0,16,84.9,1398.25,1,0,5,3,2,1,6473-ULUHT,0,0,0.38881087116339275,0,0.42340144717649364,2
0,2,19.3,28.3,12,1,0,0,0,0,6598-RFFVI,1,0,0.058633973381265275,0,0.10982383748309987,7
1,14,95.6,1273.3,1,0,2,0,2,1,3320-VEOYC,0,1,0.6566342135604667,1,0.8116775330078968,0
0,61,81.0,4976.15,24,1,4,2,2,1,6013-BHCAW,0,0,0.07001958076516857,0,0.03127659898227651,7
0,11,20.45,250.8,1,0,0,0,0,0,7266-GSSJX,0,0,0.14359687253352274,0,0.2177983220321462,5
0,12,74.05,872.65,12,0,3,1,2,1,9033-EOXWV,1,0,0.22326977451082639,0,0.34659493346916004,4
0,70,19.85,1433.8,24,1,0,0,0,0,6060-QBMGV,0,0,0.008167194713360243,0,0.003487668511741598,9
0,17,20.05,337.9,12,1,0,0,0,0,4359-INNWN,0,0,0.028845104166873324,0,0.06519601448237151,8
0,2,70.0,153.05,1,1,0,0,0,0,4512-ZUIYL,1,1,0.5519688717594291,1,0.5340907350575622,1
0,9,18.95,185.6,1,0,0,0,0,0,9025-ZRPVR,1,0,0.1519961181762055,0,0.2236346555475343,5
0,33,58.45,1955.4,12,0,3,3,0,0,5844-QVTAT,0,0,0.06891295077524578,0,0.05769735292316181,7
0,69,86.9,6194.1,24,1,5,3,2,1,2885-HIJDH,0,0,0.04113486555068642,0,0.02251138562266287,8
0,15,48.85,736.8,1,0,1,1,0,0,9163-GHAYE,0,0,0.2313480556329644,0,0.27891537818523715,4
1,35,100.5,3653.35,1,1,4,3,1,1,8840-DQLGN,1,0,0.34450950786356055,0,0.4038224850613404,3
0,47,55.3,2654.05,1,0,2,2,0,0,9308-ANMVE,0,0,0.1754719909020042,0,0.10110899186156973,5
0,1,44.15,44.15,1,0,0,0,0,0,7663-RGWBC,1,0,0.4910620499792832,0,0.4409217883344919,1
0,41,55.7,2237.55,1,1,1,1,0,1,3413-CSSTH,0,0,0.19122913229199656,0,0.13713496804298694,5
0,21,26.05,565.75,1,0,0,0,0,0,3787-TRIAL,0,0,0.13058995683359811,0,0.182143102410395,6
0,34,50.2,1815.3,1,1,1,1,0,0,1730-VFMWO,0,0,0.17959319273868476,0,0.13507127885188114,5
0,33,74.75,2453.3,12,1,4,2,2,0,5524-KHNJP,0,0,0.12489519152364101,0,0.1175799727843,6
1,11,111.4,1183.05,1,0,5,3,2,1,3292-PBZEJ,0,1,0.6260562476371848,1,0.719383308291675,0
0,53,78.75,3942.45,12,0,4,2,2,1,0661-KBKPA,0,0,0.12396544976231864,0,0.1077022472474114,6
0,2,80.55,184.1,1,0,1,0,1,0,2737-YNGYW,1,1,0.6680807618979538,1,0.6981345733156336,0
1,1,76.45,76.45,1,0,0,0,0,1,9248-OJYKK,1,1,0.8581120872834866,1,0.7494452976138909,0
1,19,95.9,1777.9,1,1,3,1,2,0,9190-MFJLN,1,0,0.4417252694684647,1,0.6405233154602283,2
0,5,64.0,370.25,1,0,2,1,1,1,2041-JIJCI,0,0,0.3175567927857145,1,0.5078886738032778,3
0,35,108.95,4025.5,24,0,5,3,2,1,6733-LRIZX,0,0,0.19894365204889863,0,0.14668706499019185,5
1,2,50.15,115.1,1,1,1,1,0,0,7579-OOPEC,1,0,0.4771823132572112,0,0.396802472500791,1
0,20,19.7,419.4,24,0,0,0,0,0,5495-GPSRW,0,0,0.015606542502496285,0,0.03293398313320972,9
0,72,85.95,6151.9,24,1,5,3,2,1,9339-FIIJL,0,0,0.027428615318540257,0,0.019227502927237808,8
0,38,20.3,749.35,12,0,0,0,0,0,8590-OHDIW,0,0,0.013708723288998852,0,0.03992506376074334,9
0,44,50.15,2139.1,1,0,0,0,0,1,0440-QEXBZ,0,0,0.18149660395654418,0,0.18643986869036283,5
0,39,48.95,1880.85,1,1,4,3,1,0,9039-RBEEE,1,0,0.16499627876084685,0,0.06285475625547163,5
0,61,80.8,4860.85,24,1,5,4,1,1,0909-SELIE,0,0,0.03587642304640424,0,0.01380493609800369,8
0,1,44.0,44.0,1,0,0,0,0,0,9214-EKVXR,0,0,0.4873895395862371,0,0.43990621042546935,1
0,36,20.35,695.85,12,1,0,0,0,0,3982-JGSFD,0,0,0.01583790323646414,0,0.03202313654864493,9
0,8,19.05,201.7,24,0,0,0,0,0,2005-DWQZJ,0,0,0.03725641494372687,0,0.0511766213987767,8
1,41,53.95,2215.4,1,0,4,2,2,0,6128-AQBMT,0,0,0.33585737302241825,0,0.18462974653748057,3
0,56,60.25,3282.75,12,1,3,3,0,0,3489-VSFRD,0,0,0.05371301214606178,0,0.021491376966911255,7
0,42,20.25,835.5,24,0,0,0,0,0,4825-FUREZ,0,0,0.011488096930037803,0,0.014237537046033954,9
0,5,19.55,99.6,12,0,0,0,0,0,7311-MQJCH,0,0,0.0408082029779774,0,0.1306232189237024,8
0,71,19.6,1416.5,24,0,0,0,0,0,7602-DBTOU,0,0,0.014951334342613446,0,0.00449401966078482,9
0,72,108.3,7679.65,24,1,6,4,2,0,6519-ZHPXP,0,0,0.059895072250820414,0,0.028573165529471565,7
1,11,99.55,1131.2,1,0,3,1,2,1,2012-NWRPA,1,1,0.747983056600512,1,0.7890322624563437,0
1,8,69.7,572.85,1,0,0,0,0,0,1016-DJTSV,0,1,0.5110740310551378,1,0.644458092989362,1
0,61,19.75,1311.6,24,1,0,0,0,0,1830-IPXVJ,0,0,0.01332034342372088,0,0.005001980165646201,9
0,69,61.45,4131.2,24,1,2,1,1,0,6023-GSSXW,0,0,0.04096722751786357,0,0.01350479589750843,8
0,69,99.45,7007.6,1,1,3,1,2,1,0979-PHULV,1,0,0.38730382789979534,0,0.29672962425523314,2
0,41,51.35,2075.1,12,0,3,1,2,0,8190-ZTQFB,0,0,0.1429110355501135,0,0.08346185395160467,5
0,48,70.1,3238.4,24,1,4,3,1,0,5696-JVVQY,0,0,0.04289605411509733,0,0.017775261004464808,8
0,47,19.75,948.9,24,0,0,0,0,0,1709-EJDOX,0,0,0.013052325672681888,0,0.011583858279791024,9
0,46,20.1,936.85,24,0,0,0,0,0,5296-BFCYD,0,0,0.011488096930037803,0,0.0121747043438582,9
0,13,74.4,896.75,1,1,0,0,0,1,9283-LZQOH,1,0,0.433764543404017,1,0.5013308386409505,2
0,68,79.6,5515.8,24,1,5,3,2,0,9140-CZQZZ,0,0,0.0399109823283692,0,0.015739209834471454,8
0,15,100.15,1415.0,1,0,3,1,2,1,9094-AZPHK,0,1,0.617712204016928,1,0.7032569429770879,0
0,26,78.95,2034.25,12,1,1,0,1,0,9138-EFSMO,0,0,0.12856556492740215,0,0.2569748945238432,6
0,7,59.1,369.25,12,0,2,1,1,0,7629-WIXZF,0,0,0.17759664772217992,0,0.24784701693829844,5
0,62,19.2,1123.65,24,1,0,0,0,0,3970-XGJDU,0,0,0.015459827842196048,0,0.00458120004318777,9
1,72,25.1,1789.9,24,1,0,0,0,1,5334-AFQJB,0,0,0.011026994036114174,0,0.006098642545991393,9
1,21,95.4,2025.1,1,1,2,0,2,1,9279-CJEOJ,0,1,0.5123868767054942,1,0.7254160012606856,1
0,24,75.4,1747.85,1,1,0,0,0,1,8155-IBNHG,1,0,0.3327001682720393,0,0.42572717676849464,3
1,57,89.85,4925.35,1,0,2,1,1,1,7529-ZDFXI,0,0,0.3626692433222013,0,0.40190726752418204,3
0,49,20.45,900.9,12,1,0,0,0,0,0048-PIHNL,0,0,0.015587695684569464,0,0.01929565009105483,9
1,72,24.3,1778.7,24,1,0,0,0,1,8735-SDUFN,0,0,0.009595012574878154,0,0.005956849252039484,9
0,64,104.05,6605.55,24,1,5,3,2,0,0868-VJRDR,0,0,0.11255365467301484,0,0.04228923410441175,6
1,37,36.65,1315.0,1,0,2,2,0,0,4360-QRAVE,0,0,0.2462427765456847,0,0.10558958295311029,4
0,17,76.65,1313.55,1,0,1,1,0,0,1092-GANHU,1,0,0.39323331120114696,0,0.4545166936899051,2
0,72,65.7,4575.35,24,1,6,4,2,0,0769-MURVM,0,0,0.01885104065665591,0,0.0055193629007454885,9
0,49,20.05,923.1,12,1,0,0,0,0,2812-REYAT,0,0,0.015190491144503082,0,0.019157659827919934,9
0,3,19.55,61.05,1,0,0,0,0,0,4693-VWVBO,0,0,0.1911510388917995,0,0.27051972737714125,5
0,51,24.95,1222.25,24,0,0,0,0,1,2263-SFSQZ,0,0,0.023585447615488076,0,0.012956895920876801,8
0,1,44.65,44.65,1,0,3,2,1,0,7851-FLGGQ,1,1,0.5588214628033018,0,0.3032983875777601,1
0,41,78.35,3211.2,12,1,4,3,1,1,9917-KWRBE,0,0,0.08726104616259404,0,0.07622597479319251,6
0,72,84.9,6065.3,24,1,5,3,2,1,8125-QPFJD,0,0,0.027597145918105342,0,0.01843781905807767,8
1,8,85.2,695.75,1,0,1,0,1,1,1200-TUZHR,0,1,0.749856154078502,1,0.7751790484145711,0
0,44,65.4,2774.55,12,0,3,2,1,0,9209-NWPGU,0,0,0.09475920980649365,0,0.07700283972102234,6
0,56,75.85,4261.2,24,1,4,3,1,1,1088-AUUZZ,0,0,0.03552544541034779,0,0.019211936731001345,8
1,24,39.1,971.3,1,1,2,1,1,0,2778-OCLGR,1,0,0.31742675078328775,0,0.19464666954066687,3
0,3,25.25,58.9,1,0,0,0,0,0,8993-PHFWD,1,0,0.3590451721381786,0,0.30223644792862403,3
0,11,20.35,215.25,1,0,0,0,0,0,9932-WBWIK,0,0,0.15740568954638584,0,0.21635274694136156,5
0,8,19.5,159.35,24,1,0,0,0,0,7337-CINUD,0,0,0.0511153355535827,0,0.03836694684636746,7
0,1,20.7,20.7,1,0,0,0,0,0,8620-RJPZN,0,0,0.38835460983813713,0,0.29283678863282186,2
1,15,75.3,1147.45,1,1,1,1,0,0,8020-BWHYL,1,0,0.38273881103283225,0,0.47004823949708485,3
1,11,95.15,997.65,1,1,2,0,2,1,6328-ZPBGN,1,1,0.6767619178516006,1,0.7729788791334558,0
0,9,24.95,190.25,1,0,0,0,0,0,1335-NTIUC,0,0,0.2166967762096218,0,0.25350690517392177,4
0,13,98.15,1230.25,1,0,3,1,2,1,0952-KMEEH,1,1,0.6357269536607795,1,0.7034361737697138,0
0,36,53.1,1901.25,24,0,5,4,1,0,2773-MADBQ,0,0,0.053661001173835335,0,0.014364692872829429,7
0,62,39.0,2337.45,24,1,2,1,1,0,0979-MOZQI,0,0,0.05700538820357968,0,0.007418129373412413,7
0,32,86.1,2723.75,1,0,2,1,1,0,5651-YLPRD,0,0,0.39413909364695326,0,0.4416000468009945,2
0,59,95.8,5655.45,24,0,3,1,2,0,9128-CPXKI,0,0,0.14614682185175518,0,0.09369916414158029,5
0,70,115.65,7968.85,12,1,6,4,2,1,1444-VVSGW,1,0,0.13085942161509087,0,0.10011414095222403,6
0,1,19.45,19.45,1,0,0,0,0,0,3679-XASPY,0,0,0.36171327461784825,0,0.2857764022355515,3
0,72,100.55,7325.1,24,1,4,3,1,1,8809-XKHMD,0,0,0.04643906375055454,0,0.030933673284187935,7
0,17,49.8,836.35,1,0,3,1,2,0,1100-DDVRV,0,0,0.2802439031104327,0,0.31224406083912587,4
1,56,101.05,5594.0,1,0,3,1,2,1,7901-TBKJX,0,0,0.4505822203599823,1,0.5402855563340214,2
0,1,29.95,29.95,1,1,1,1,0,0,6317-YPKDH,1,0,0.4585908925075528,0,0.21597044661624165,2
0,24,79.85,2001.0,1,1,1,0,1,0,7567-ECMCM,0,0,0.3634576185287526,0,0.4668389103784904,3
0,8,54.25,447.75,12,1,2,2,0,0,3354-OADJP,0,0,0.11059357939321521,0,0.11546059019667752,6
0,70,74.1,5222.3,12,1,5,4,1,0,3487-EARAT,0,0,0.07849318419739243,0,0.01840446249587417,7
0,9,29.95,248.95,1,0,1,1,0,0,6543-CPZMK,1,0,0.29684237247718515,0,0.21605911526855415,3
0,64,24.7,1642.75,12,0,0,0,0,1,8592-PLTMQ,0,0,0.028693059654259324,0,0.019300941232453787,8
1,20,89.95,1648.45,1,0,2,0,2,0,1302-UHBDD,0,1,0.5101023476116793,1,0.733635696685577,1
0,4,76.65,333.6,1,1,1,1,0,0,2919-HBCJO,1,1,0.5364044991786315,0,0.47680507715306425,1
0,43,29.3,1224.05,1,1,1,1,0,0,1395-OFUWC,0,0,0.19746108977271729,0,0.0517416262187725,5
0,12,78.1,947.3,1,1,1,0,1,0,3096-IZETN,1,0,0.44050323930058655,1,0.5401985244929912,2
0,11,58.95,601.6,1,0,1,0,1,1,2782-LFZVW,0,0,0.28639311195299394,1,0.5074058554912442,4
1,1,71.0,71.0,1,0,0,0,0,0,7409-KIUTL,1,1,0.7673962750450904,1,0.700139415024136,0
0,63,79.8,5034.05,24,1,4,2,2,1,4737-HOBAX,0,0,0.06929993323596356,0,0.028141500637413507,7
1,35,70.55,2419.0,1,0,0,0,0,0,9112-WSNPU,0,0,0.4112114624491036,0,0.44121355467594314,2
1,33,105.35,3465.05,1,1,4,2,2,1,8059-UDZFY,0,0,0.4646571391737554,1,0.5632711576708882,2
1,5,91.4,449.75,1,0,2,0,2,0,8414-MYSHR,1,1,0.7000205759133057,1,0.817455215931584,0
0,12,60.65,743.3,12,0,5,3,2,0,7750-EYXWZ,0,0,0.11929403872866647,0,0.1383914179106366,6
0,4,57.2,223.75,1,0,5,3,2,0,9842-EFSYY,0,0,0.3748382167826274,0,0.3012974802389841,3
0,18,78.2,1468.75,1,0,2,2,0,0,0365-GXEZS,0,0,0.3759771131544401,0,0.3746048630613948,3
1,27,78.05,2135.5,1,0,1,1,0,1,4412-YLTKF,1,0,0.42972844179382763,1,0.5018977490829358,2
0,62,102.0,6529.25,12,0,4,3,1,1,5445-PZWGX,1,0,0.16148365164534786,0,0.1300364900643751,5
0,72,24.45,1709.1,24,1,0,0,0,1,0402-OAMEN,0,0,0.009859071333337698,0,0.00418438602566972,9
0,8,65.5,573.15,1,1,3,3,0,1,6854-EXGSF,0,0,0.24142111268396957,0,0.242102390471991,4
0,21,99.15,1956.4,1,1,4,2,2,0,2227-JRSJX,0,0,0.4198429030623722,0,0.4768353038402214,2
0,72,114.9,8496.7,24,0,6,4,2,1,0164-APGRB,0,0,0.03939986434359406,0,0.05686902700465207,8
0,32,78.9,2447.95,1,0,1,1,0,1,9465-RWMXL,1,0,0.3864052958597185,0,0.38227134229110993,2
0,33,66.4,2245.4,1,1,3,2,1,0,5951-AOFIH,0,0,0.17080215847077576,0,0.17437978317064914,5
0,22,100.05,2090.25,12,0,4,2,2,0,1956-YIFGE,0,0,0.2576772615536247,0,0.35286106880627977,4
0,71,105.55,7405.5,24,0,4,2,2,1,3363-DTIVD,0,0,0.13703111720327865,0,0.07666337614649588,5
0,68,39.9,2796.35,1,1,2,1,1,0,3893-JRNFS,0,0,0.1893994028418181,0,0.03454599192308346,5
1,27,95.55,2510.2,1,0,3,2,1,1,0576-WNXXC,1,0,0.46868421780614467,1,0.5728026299940502,2
0,62,92.3,5731.45,12,1,3,2,1,1,9480-BQJEI,0,0,0.0979564961346543,0,0.09559366203377578,6
0,72,88.6,6201.95,24,1,5,3,2,1,3649-JPUGY,0,0,0.027428615318540257,0,0.020805809787402107,8
0,31,81.7,2548.65,12,1,1,1,0,1,2040-OBMLJ,0,0,0.09176528880416238,0,0.18610799466521846,6
1,52,49.15,2550.9,1,0,3,1,2,0,0823-HSCDJ,1,0,0.31923829491535005,0,0.15746665514614788,3
0,20,18.9,347.65,1,1,0,0,0,0,5025-GOOKI,0,0,0.12367875155490364,0,0.11954455898028289,6
0,71,108.55,7616.0,24,1,5,3,2,1,2798-NYLMZ,0,0,0.09919306229481396,0,0.04590347202165847,6
0,60,109.45,6572.85,1,1,5,3,2,1,2522-AHJXR,0,0,0.21212790284131303,0,0.2718054911288132,4
0,23,59.7,1414.2,24,0,2,2,0,1,4500-HKANN,0,0,0.06161772625553632,0,0.05387139933615905,7
0,37,91.2,3247.55,12,1,2,0,2,0,0048-LUMLS,0,0,0.16557058350176898,0,0.28935413398711357,5
0,63,99.65,6311.2,12,1,3,1,2,1,8769-KKTPH,0,0,0.17486909550338336,0,0.17677409032216648,5
0,70,110.5,7752.05,24,0,5,3,2,1,6297-NOOPG,0,0,0.11697258688399187,0,0.06854748647482146,6
0,32,90.8,3023.85,12,0,3,2,1,0,4377-VDHYI,0,0,0.151492014159976,0,0.22501405337607805,5
0,18,75.6,1395.05,1,1,0,0,0,1,4360-PNRQB,0,0,0.34328093557621936,0,0.476346536677867,3
1,53,94.0,4871.45,12,0,4,3,1,0,9972-VAFJJ,0,0,0.12107275436678437,0,0.1475532087049821,6
0,52,49.75,2535.55,1,1,1,1,0,0,6075-QMNRR,0,0,0.1736176542037391,0,0.07436179721131879,5
0,1,20.6,20.6,1,0,0,0,0,0,3976-NLDEZ,0,0,0.4000556578775629,0,0.29226820793122227,2
0,59,20.2,1192.3,24,1,0,0,0,0,1955-IBMMB,0,0,0.014660923181228032,0,0.005407710152208024,9
0,1,71.0,71.0,1,0,0,0,0,0,3422-LYEPQ,1,1,0.7576693845927506,1,0.6225082053384235,0
0,41,60.3,2511.3,12,1,3,3,0,0,9720-JJJOR,0,0,0.07312560516071956,0,0.035531548695498516,7
0,70,74.8,5315.8,24,1,4,3,1,1,4654-ULTTN,0,0,0.03997857264774419,0,0.012265584494105959,8
0,69,85.35,5897.4,24,1,5,3,2,1,0383-CLDDA,0,0,0.04139348624034159,0,0.02060317755981922,8
1,49,49.8,2398.4,24,0,1,1,0,0,4039-PIMHX,0,0,0.0902083587500454,0,0.029800376971698572,6
0,32,96.2,3183.4,1,0,3,1,2,0,0963-ZBDRN,1,0,0.4222765845215601,1,0.5541889289254901,2
1,4,48.75,179.85,1,0,0,0,0,1,2277-VWCNI,0,0,0.4968506646352025,1,0.5566893457621761,1
0,4,19.85,63.0,1,0,0,0,0,0,4396-KLSEH,0,0,0.181206718007542,0,0.26381714492281894,5
0,9,68.25,576.95,1,1,4,3,1,0,0701-TJSEF,0,0,0.23744695834962168,0,0.24891696817503234,4
0,44,84.8,3626.35,1,1,2,2,0,1,7398-LXGYX,0,0,0.2976657661386297,0,0.21381428121933943,3
0,24,85.95,2107.15,1,0,3,3,0,0,2960-NKRSO,0,0,0.3003951713922028,0,0.30821066863541036,3
0,1,74.25,74.25,1,0,0,0,0,1,3707-GNWHM,1,1,0.7953494669224455,1,0.6654023796356842,0
1,2,30.4,78.65,1,0,1,1,0,0,3677-IYRBF,1,1,0.5499256079983728,0,0.34137136546224395,1
0,51,34.2,1782.0,24,1,2,2,0,0,7340-KEFQE,0,0,0.05295691074527139,0,0.006034782376491172,7
0,60,70.15,4224.7,12,1,4,3,1,0,7581-EBBOU,0,0,0.07422586322001096,0,0.03034841534430658,7
1,32,74.4,2276.95,1,0,1,1,0,0,6022-UGGSO,1,0,0.38894284410722463,0,0.40593236493575746,2
0,62,20.65,1218.45,24,1,0,0,0,0,2236-HILPA,0,0,0.01071112129134548,0,0.004838963429045063,9
0,3,105.35,323.25,1,1,4,2,2,1,5052-PNLOS,1,1,0.6705947465012254,1,0.6634444465028561,0
0,1,25.35,25.35,1,0,0,0,0,0,6158-HDPXZ,0,0,0.46536327721776033,0,0.3199720785975002,2
0,72,86.6,6350.5,24,1,5,3,2,1,7301-ABVAD,0,0,0.027428615318540257,0,0.02019364767010449,8
0,4,74.35,265.35,1,0,0,0,0,1,8083-YTZES,1,1,0.6277923389619617,1,0.6440537432427472,0
0,67,50.55,3260.1,24,1,1,1,0,0,8587-XYZSF,0,0,0.03973901609452312,0,0.008606538957841357,8
0,45,51.0,2264.5,12,1,4,3,1,0,1094-BKOSX,0,0,0.06734110445236383,0,0.024979094491684204,7
0,72,114.1,8086.4,24,1,6,4,2,1,9637-CDTKZ,0,0,0.03201249739730252,0,0.03902079294241629,8
0,63,99.9,6137.0,12,1,3,1,2,1,2748-MYRVK,1,0,0.17427840922887353,0,0.17367137801541932,5
0,2,55.3,108.65,1,0,1,0,1,0,8903-XEBGX,0,1,0.5176286412226444,1,0.5340974535966574,1
0,16,49.95,810.2,1,0,3,1,2,0,6581-NQCBA,1,0,0.28416800309514484,0,0.3214632221763846,4
0,8,94.0,773.65,1,0,3,2,1,1,1567-DSCIC,1,1,0.6415578593239623,1,0.6066554842112288,0
0,3,89.45,240.45,1,0,2,0,2,0,9611-CTWIH,1,1,0.679999582658356,1,0.7594530696710202,0
0,55,54.55,2978.3,1,1,4,2,2,0,4701-AHWMW,1,0,0.20677590527608494,0,0.06926305615227074,4
1,50,71.05,3444.85,1,0,0,0,0,0,3923-CSIHK,1,0,0.38153764023051645,0,0.3324521959236723,3
0,12,89.55,1021.75,1,0,2,1,1,1,5348-CAGXB,0,1,0.5905373717157518,1,0.6308673683770678,0
0,40,55.25,2139.2,1,0,2,2,0,0,6682-QJDGB,1,0,0.17876487466483315,0,0.12230861720149888,5
0,1,70.0,70.0,1,0,0,0,0,0,1853-UDXBW,1,1,0.7721769069035944,1,0.6160310621610724,0
0,4,90.4,356.65,1,0,3,2,1,0,8266-VBFQL,0,1,0.6118941243894831,1,0.5842465725599932,0
0,15,91.0,1430.05,1,0,2,1,1,1,1379-FRVEB,0,1,0.5338551060802521,1,0.6256568093771414,1
0,38,101.15,3956.7,1,1,3,1,2,1,8378-LKJAF,0,0,0.4430110137193852,1,0.5032510107691041,2
0,7,71.05,472.65,1,0,0,0,0,0,1077-HUUJM,0,1,0.5559467306613595,1,0.576970513257558,1
0,3,19.95,58.0,1,0,0,0,0,0,0178-CIIKR,0,0,0.2013899835745421,0,0.2725825893619993,5
1,3,75.05,256.25,1,1,0,0,0,1,1980-KXVPM,1,1,0.6631082181000447,1,0.6669078723199828,0
1,1,69.25,69.25,1,0,0,0,0,0,0679-IDSTG,1,1,0.7867774994537775,1,0.689949965802599,0
0,7,18.95,130.55,1,0,0,0,0,0,1386-ZIKUV,0,0,0.1505070430060221,0,0.2372053907321832,5
1,4,74.4,306.6,1,0,0,0,0,1,8361-LTMKD,1,1,0.6538955818092803,1,0.7208782938944901,0
0,7,94.1,701.3,1,0,2,0,2,1,8161-QYMTT,0,1,0.740707140512459,1,0.7821987762310447,0
0,32,108.15,3432.9,1,1,5,3,2,1,0363-QJVFX,1,0,0.32965772204439164,0,0.4172224498136095,3
0,69,64.15,4254.1,24,1,3,3,0,1,2954-PIBKO,0,0,0.029695748509131634,0,0.007311485452120721,8
1,70,107.9,7475.85,12,0,5,3,2,1,9844-FELAJ,0,0,0.1972799634227445,0,0.18570554670447717,5
1,72,107.4,7748.75,24,1,5,4,1,1,8024-XNAFQ,0,0,0.04930214653159839,0,0.03932731236789966,7
1,68,20.0,1396.0,24,1,0,0,0,0,3454-JFUBC,0,0,0.009606966090868654,0,0.005357805743602633,9
1,8,74.05,600.15,1,1,1,1,0,0,4480-QQRHC,0,0,0.4747940422294393,1,0.5140516968468583,1
0,67,108.75,7156.2,24,1,5,3,2,1,1150-WFARN,1,0,0.12938294101251757,0,0.0505714433645904,6
0,42,97.1,4016.75,12,0,3,1,2,1,9833-TGFHX,0,0,0.2495646920063082,0,0.31514745139614175,4
0,64,93.4,5822.3,24,1,3,2,1,1,9777-IQHWP,0,0,0.06126506241949856,0,0.03965637245203247,7
0,2,67.75,116.65,1,0,0,0,0,0,3750-CKVKH,1,0,0.4726397719620812,1,0.5929373854299875,1
0,17,91.85,1574.45,1,0,3,2,1,0,4558-FANTW,1,0,0.3940210941874197,1,0.505491843120937,2
0,28,81.05,2227.1,1,0,1,0,1,0,0256-LTHVJ,1,0,0.4295863501036278,1,0.5181390653922064,2
0,50,79.6,4024.2,24,0,4,2,2,1,4717-GHADL,0,0,0.08590997040056263,0,0.054739299154708765,7
0,40,20.6,827.3,24,1,0,0,0,0,7205-BAIAD,0,0,0.012063245377143726,0,0.011535488625969221,9
0,72,45.25,3139.8,24,1,4,4,0,0,9286-BHDQG,0,0,0.0300397641291572,0,0.0020472513915671146,8
0,4,79.9,324.3,1,0,1,0,1,0,4806-KEXQR,1,1,0.6519613852671459,1,0.6809115067251141,0
0,55,84.25,4589.85,12,1,2,2,0,1,8034-RYTVV,0,0,0.07142063863671798,0,0.07907138855277814,7
0,55,58.6,3068.6,24,0,3,3,0,0,6504-VBLFL,0,0,0.033825817622670076,0,0.011569450564089886,8
0,43,34.0,1505.35,1,1,2,2,0,0,7233-IOQNP,0,0,0.1722391979835058,0,0.043555596305371716,5
0,1,74.5,74.5,1,0,0,0,0,1,7180-PISOG,1,1,0.8003380020215536,1,0.6669297579333664,0
0,1,78.8,78.8,1,0,1,0,1,0,6372-RFVNS,1,1,0.8245192172153493,1,0.6934457303607082,0
0,1,90.85,90.85,1,1,2,1,1,1,5167-ZFFMM,1,1,0.7912504809665916,1,0.6418750907091556,0
0,15,51.55,765.5,1,0,0,0,0,1,3426-NIYYL,1,0,0.23276896145050135,0,0.3968497590469141,4
0,1,80.0,80.0,1,0,1,0,1,0,1448-PWKYE,1,1,0.8240451986408961,1,0.7004087141671523,0
1,1,69.75,69.75,1,0,0,0,0,0,5539-TMZLF,1,1,0.7978543486506462,1,0.6928806909422618,0
0,22,67.5,1544.05,12,1,4,3,1,0,0628-CNQRM,1,0,0.08650225965318699,0,0.08724799959155274,6
1,63,84.0,5329.55,12,1,6,4,2,0,2055-BFOCC,0,0,0.09138334099711562,0,0.05020917656319346,6
0,53,106.95,5785.5,12,1,4,2,2,1,6777-TGHTM,1,0,0.22654244355130237,0,0.20557385267082873,4
0,13,19.75,265.75,24,0,0,0,0,0,5063-IUOKK,0,0,0.019666753544025715,0,0.04293671556465515,9
0,3,75.85,256.6,1,0,0,0,0,1,3519-ZKXGG,1,1,0.6387144455059852,1,0.6626867727351524,0
1,70,75.65,5411.4,24,1,0,0,0,1,5671-RQRLP,0,0,0.07229042522525816,0,0.04568188801027644,7
0,6,109.9,669.45,1,1,5,3,2,1,3992-YWPKO,1,1,0.5420866271704756,1,0.5929257582048556,1
0,38,19.6,717.3,1,0,0,0,0,0,9313-CDOGY,0,0,0.10871270595718821,0,0.08470396508658436,6
0,5,19.35,126.05,1,0,0,0,0,0,4903-UYAVB,1,0,0.17072027098766684,0,0.2549507248937841,5
0,21,86.05,1818.9,1,0,2,1,1,0,0682-USIXD,0,0,0.4412057870758542,1,0.5217790959962605,2
0,25,61.6,1611.0,12,1,3,3,0,0,0074-HDKDG,0,0,0.06181675434152483,0,0.061342205469177784,7
0,20,19.25,375.25,1,1,0,0,0,0,5537-UXXVS,0,0,0.12395272415764336,0,0.12103042074491296,6
0,5,20.65,93.55,1,1,0,0,0,0,3675-EQOZA,0,0,0.17997859686570675,0,0.20602352857966413,5
0,50,20.55,1070.25,24,1,0,0,0,0,6340-DACFT,0,0,0.016437872723175796,0,0.00784446105262936,9
1,24,104.25,2433.9,1,0,4,2,2,1,6892-XPFPU,1,1,0.5757958545479964,1,0.6788554768489673,1
1,16,69.65,1043.3,1,0,0,0,0,0,6557-BZXLQ,0,0,0.42896440339066993,1,0.5812394329929995,2
1,16,84.75,1350.15,1,0,1,0,1,1,4514-GFCFI,1,1,0.553130743773183,1,0.729056993051737,1
0,13,94.1,1215.6,1,0,3,2,1,1,0023-XUOPT,1,1,0.5271161274588216,1,0.5729929827683969,1
0,1,79.15,79.15,1,0,1,1,0,1,2254-DLXRI,0,1,0.7931517329992475,1,0.614722419510314,0
0,1,19.75,19.75,1,0,0,0,0,0,7239-HZZCX,1,0,0.37798176204392325,0,0.2874615616573858,3
0,46,89.15,4245.55,1,1,2,1,1,1,5575-TPIZQ,0,0,0.32589281507102447,0,0.3292593169557766,3
0,28,90.1,2598.95,12,1,2,0,2,0,0431-APWVY,1,0,0.17705450326812336,0,0.34316533953519934,5
0,1,20.25,20.25,1,0,0,0,0,0,4211-MMAZN,1,0,0.3871487490718015,0,0.29028328987700824,2
1,53,101.9,5549.4,1,0,3,1,2,1,7056-IMHCC,1,0,0.4795088223634024,1,0.5758340897995892,1
1,2,70.65,142.35,1,0,0,0,0,0,4342-HENTK,1,1,0.5777427010937912,1,0.6915229280706116,1
0,62,92.05,5755.8,12,0,3,3,0,1,0516-UXRMT,0,0,0.11165356267152442,0,0.0831883584751139,6
0,9,20.1,190.25,12,0,0,0,0,0,9483-GCPWE,0,0,0.041926520701737406,0,0.11540391585008984,8
1,56,104.75,5841.35,1,0,4,2,2,1,4840-ORQXB,0,0,0.41198122223142064,0,0.4869648495524618,2
0,64,108.5,6880.85,12,0,5,3,2,1,5966-EMAZU,0,0,0.22191480486806595,0,0.16114797905317435,4
1,65,103.9,6767.1,12,1,4,2,2,1,8433-WPJTV,0,0,0.1845194634114311,0,0.19141513786024603,5
0,29,19.35,601.6,1,1,0,0,0,0,9142-XMYJH,0,0,0.12135429351614835,0,0.0888375801144453,6
0,25,53.65,1355.45,12,0,2,2,0,0,5062-CJJKH,0,0,0.08355180718298189,0,0.08908732112617714,7
0,49,66.15,3199.0,24,1,2,1,1,1,2676-SSLTO,0,0,0.050899718101771275,0,0.03352644098650254,7
0,59,68.7,4070.95,12,1,3,2,1,1,4560-WQAQW,0,0,0.05813167492661326,0,0.045949169609748555,7
0,10,20.55,187.35,1,0,0,0,0,0,1784-BXEFA,0,0,0.16051058491498726,0,0.22384919733580882,5
1,71,95.5,6707.15,24,1,4,3,1,0,7375-WMVMT,0,0,0.047671362413922606,0,0.03260144476734464,7
0,23,75.3,1702.9,1,1,1,1,0,0,5934-TSSAU,0,0,0.2964134542269648,0,0.3275174481783707,3
0,61,25.3,1554.9,24,1,0,0,0,1,6370-ZVHDV,0,0,0.013678045276039172,0,0.0066673354645021615,9
0,1,48.6,48.6,1,0,1,1,0,0,9752-ZNQUT,0,1,0.500215742783187,0,0.3846065656094364,1
0,1,70.25,70.25,1,0,0,0,0,0,3244-DCJWY,1,1,0.7518318095946711,1,0.617654311525552,0
0,49,99.8,4872.45,1,0,3,1,2,1,6651-AZVTJ,1,0,0.4608432755182179,0,0.49040255779329206,2
1,3,25.3,77.75,1,0,0,0,0,0,5480-HPRRX,1,0,0.49701185436519535,0,0.3811926026330743,1
0,49,100.45,4941.8,12,0,3,1,2,1,9139-WQQDY,1,0,0.23635457975290833,0,0.302879577063074,4
0,72,76.8,5468.45,24,1,3,1,2,1,9926-PJHDQ,0,0,0.06267855887155087,0,0.02703641156148319,7
0,5,69.7,316.9,1,0,0,0,0,0,6047-YHPVI,1,1,0.5193781168206493,1,0.5826521757710298,1
0,28,49.9,1410.25,1,0,0,0,0,1,5155-AZQPB,0,0,0.17097109081292655,0,0.2860558474406498,5
0,66,90.55,6130.95,12,1,3,3,0,1,8646-JCOMS,0,0,0.09347776148763312,0,0.054284368052811595,6
0,18,95.15,1779.95,1,0,3,1,2,0,9512-UIBFX,1,0,0.4819496717034961,1,0.6363101207533679,1
0,71,87.25,6328.7,24,1,6,4,2,0,6365-HITVU,0,0,0.02057641272290075,0,0.013682333707801902,9
0,67,88.4,5798.3,12,1,2,1,1,1,7964-ZRKKG,0,0,0.1023356978156263,0,0.09960023270959686,6
0,10,26.1,225.55,24,1,0,0,0,1,9108-EQPNQ,0,0,0.07323348603782626,0,0.04662118493547638,7
0,1,19.8,19.8,1,0,0,0,0,0,4892-VLANZ,1,0,0.37798176204392325,0,0.28774299724498387,3
0,36,54.45,1893.5,12,0,1,1,0,1,8570-KLJYJ,0,0,0.07881423638144047,0,0.09683191371258919,7
0,42,69.4,3058.3,1,1,3,2,1,1,8401-EMUWF,0,0,0.20319906261329687,0,0.16415195924155648,4
0,14,48.8,664.4,1,1,1,1,0,0,9097-ZUBYC,0,0,0.22972510685948777,0,0.22668302579247476,4
0,2,86.0,165.45,1,0,1,0,1,1,6474-FVJLC,1,1,0.7444832791840611,1,0.7469119771648206,0
0,55,19.15,998.1,12,1,0,0,0,0,6051-PTVNS,0,0,0.019645455894921268,0,0.014707613583318587,9
0,67,81.35,5398.6,24,1,5,3,2,0,0379-DJQHR,0,0,0.03947690620177254,0,0.016886054042602888,8
0,36,63.7,2188.5,12,1,3,2,1,0,5975-BAICR,0,0,0.07122627900756309,0,0.06976156630827635,7
1,34,79.6,2718.3,1,0,1,1,0,1,8988-ECPJR,1,0,0.4234337817546974,0,0.4614214165526995,2
0,25,19.8,475.2,24,1,0,0,0,0,2805-AUFQN,0,0,0.019796195071672195,0,0.0200632759310874,9
0,45,81.3,3541.1,1,0,5,4,1,1,7925-PNRGI,0,0,0.2668999200283117,0,0.1473787238202118,4
0,67,19.8,1311.3,24,0,0,0,0,0,7167-PCEYD,0,0,0.014412598162229045,0,0.0052662766083354,9
0,33,86.15,2745.7,1,1,1,0,1,1,3023-GFLBR,1,0,0.37340694614555553,0,0.4684045683430262,3
0,72,66.5,4811.6,24,1,3,3,0,1,8338-QIUNR,0,0,0.03302054465840686,0,0.007506387601810289,8
0,33,25.7,826.1,24,1,0,0,0,1,4213-HKBJO,0,0,0.031075438105438728,0,0.019561127308301035,8
0,30,97.0,3021.3,12,1,3,1,2,0,6874-SGLHU,0,0,0.20168653662224367,0,0.3031091799720634,4
0,55,20.5,1177.95,24,0,0,0,0,0,2400-FEQME,0,0,0.019120525501588933,0,0.008742660886093755,9
0,4,79.0,303.15,1,0,1,0,1,0,8752-STIVR,1,1,0.6489046997765651,1,0.6747941788653872,0
0,1,69.15,69.15,1,0,0,0,0,0,1447-GIQMR,1,1,0.7521341552530507,1,0.6104928403586758,0
0,71,89.9,6457.15,24,1,6,4,2,1,4674-HGNUA,0,0,0.021378965268345054,0,0.016517716344448236,9
1,52,50.5,2566.3,1,0,4,3,1,0,0523-VNGTF,0,0,0.21441474411945166,0,0.07948555250748694,4
0,26,84.3,2281.6,1,0,2,2,0,1,4993-JCRGJ,0,0,0.39728950051508927,0,0.3874912732177492,2
0,67,100.25,6689.0,12,1,4,3,1,1,9402-ROUMJ,0,0,0.12762110733332516,0,0.07994394603257474,6
0,5,53.8,283.95,1,0,1,1,0,1,7129-ACFOG,0,0,0.3646931963396232,0,0.41028000695980044,3
0,18,90.7,1597.25,1,1,2,1,1,1,9050-QLROH,1,0,0.3761781085468434,1,0.5243445051896536,3
0,50,80.05,4042.2,12,1,5,4,1,1,5073-RZGBK,0,0,0.07684674228064924,0,0.04509141506250319,7
0,8,43.55,335.4,1,0,0,0,0,0,9327-QSDED,0,0,0.2781323615724546,0,0.3761997342703101,4
0,13,96.65,1244.5,1,0,3,2,1,1,6821-BUXUX,1,1,0.5361454070050692,1,0.591074129910911,1
1,16,86.6,1281.0,1,0,1,0,1,1,3372-KWFBM,1,1,0.5581452702828669,1,0.736747937284975,1
0,24,90.35,2238.5,1,0,2,0,2,0,4873-ILOLJ,1,0,0.48323385711624744,1,0.6459277398355175,1
0,8,66.65,520.95,1,0,3,2,1,0,4226-KKDON,0,0,0.29288782466086843,0,0.38872682634499833,3
0,57,95.25,5464.65,24,0,3,1,2,0,1447-PJGGA,1,0,0.15312859177023233,0,0.09710559882353677,5
0,6,19.7,113.5,1,0,0,0,0,0,3077-RSNTJ,0,0,0.1541568711165598,0,0.2483176680858392,5
0,59,75.95,4542.35,24,1,4,2,2,0,0604-THJFP,0,0,0.057150942368049386,0,0.02523483969886991,7
0,67,111.2,7530.8,24,1,5,3,2,1,3022-BEXHZ,0,0,0.12678214493468898,0,0.05706996143631951,6
0,5,53.85,259.8,1,1,2,2,0,0,0870-VEMYL,1,0,0.29147915904884736,0,0.2450640624731315,3
1,40,39.3,1637.4,1,0,2,1,1,0,1862-SKORY,1,0,0.3012678227526226,0,0.15664045394411308,3
0,67,94.1,6302.8,24,1,3,2,1,1,3392-EHMNK,0,0,0.08779452668852528,0,0.038490079854457106,6
0,48,64.4,3035.35,12,1,3,3,0,1,5825-XJOCM,0,0,0.06418650448077692,0,0.035389757954329124,7
0,41,74.25,3089.1,1,0,1,1,0,0,8728-SKJLR,0,0,0.34292949030830455,0,0.2718149649592808,3
0,35,20.1,655.3,24,0,0,0,0,0,5845-BZZIB,0,0,0.011619653816320345,0,0.018493147659153976,9
0,62,104.05,6590.5,24,0,4,2,2,1,7572-KPVKK,0,0,0.16001285784604705,0,0.09302718142075846,5
1,1,69.6,69.6,1,0,0,0,0,0,8375-DKEBR,1,1,0.7996870501106769,1,0.6920030927046656,0
0,15,84.3,1308.4,1,0,2,1,1,0,7861-UVUFT,1,0,0.4848432307035953,1,0.5530302982812858,1
0,1,20.4,20.4,12,0,0,0,0,0,2239-CFOUJ,0,0,0.10133140699156849,0,0.15262845012079587,6
0,69,19.75,1375.4,24,1,0,0,0,0,2984-RGEYA,0,0,0.01096041960317643,0,0.003595390419436352,9
0,1,19.4,19.4,1,1,0,0,0,0,2220-IAHLS,0,0,0.28889910791220236,0,0.22718644023379078,3
0,72,89.8,6510.45,24,1,6,4,2,1,7408-OFWXJ,0,0,0.01888296401964124,0,0.015930143846677684,9
0,29,100.55,2878.75,1,1,3,1,2,1,6481-ESCNL,0,0,0.45893769694800995,1,0.5513726914624002,2
0,68,25.05,1629.2,24,1,0,0,0,1,2696-RZVZW,0,0,0.0121712056953581,0,0.004977605004032485,9
0,9,77.65,714.15,1,1,1,0,1,0,2754-XBHTB,1,1,0.541308785166441,1,0.5595198684608637,1
0,10,20.1,184.4,12,0,0,0,0,0,1952-DVVSW,0,0,0.035209841782139546,0,0.11101768510541601,8
0,59,80.1,4693.2,12,0,4,2,2,1,4759-PXTAN,0,0,0.13320355167405223,0,0.09867114892559299,6
0,1,49.95,49.95,1,1,0,0,0,1,3334-CTHOL,1,0,0.4882319883002639,0,0.4287337763840888,1
0,13,48.75,633.4,1,1,3,1,2,0,7470-MCQTK,1,0,0.2634272581203204,0,0.2714616428969904,4
1,46,104.45,4863.85,1,0,4,2,2,1,8818-DOPVL,0,0,0.46613806804279734,1,0.551891621908686,2
0,67,103.15,6895.5,24,1,5,3,2,0,5696-CEIQJ,0,0,0.10394337371903761,0,0.03820897595602052,6
0,62,108.15,6825.65,24,0,6,4,2,0,0181-RITDD,0,0,0.09801454237419227,0,0.05046155250099914,6
0,72,67.8,4804.65,24,1,4,4,0,1,5803-NQJZO,0,0,0.03253400786743211,0,0.005459286298750094,8
0,1,19.9,19.9,1,0,0,0,0,0,6654-QGBZZ,0,0,0.40813643167598096,0,0.2883063607716714,2
1,52,109.1,5647.95,1,0,5,3,2,1,9278-VZKCD,0,0,0.2922851144694386,0,0.4629027058670814,3
0,72,88.7,6501.35,24,1,6,4,2,1,2925-VDZHY,0,0,0.01888296401964124,0,0.015443505447265167,9
0,65,59.8,3808.2,24,1,2,1,1,0,1972-XMUWV,0,0,0.04223698027526995,0,0.014519109175124917,8
0,4,61.45,229.55,1,1,2,1,1,0,5949-EBSQK,1,0,0.2637808986184826,0,0.3957822131457622,4
0,58,94.7,5430.35,12,1,3,2,1,1,3571-DPYUH,0,0,0.12034134690987539,0,0.11308989852807004,6
0,4,49.35,219.65,1,0,1,1,0,0,2391-SOORI,1,0,0.35805695731798,0,0.36586271994092523,3
0,27,20.55,583.3,12,0,0,0,0,0,8763-KIAFH,0,0,0.01353076731296591,0,0.06122840240261044,9
0,56,115.85,6567.9,24,0,6,4,2,1,1741-WTPON,0,0,0.10139042460899526,0,0.08226907140078303,6
0,56,20.05,1090.1,24,0,0,0,0,0,8129-GMVGI,0,0,0.02250750708131338,0,0.008162052606290405,8
0,67,24.65,1620.45,24,1,0,0,0,1,6857-TKDJV,0,0,0.011405864672900952,0,0.0051304565609447735,9
0,23,64.9,1509.8,12,1,2,0,2,0,0895-LMRSF,0,0,0.16640315995396165,0,0.21405983114016822,5
0,63,80.3,4896.35,1,1,2,2,0,0,2796-UUZZO,0,0,0.2215458682267003,0,0.10632892528413543,4
0,15,103.45,1539.8,1,0,4,2,2,1,4298-OYIFC,0,1,0.5768816510632081,1,0.6498500233036693,1
0,66,68.75,4447.55,24,1,4,4,0,1,3948-KXDUF,0,0,0.02911632901919153,0,0.006823351556914843,8
0,72,74.55,5430.65,24,0,4,3,1,1,0562-FGDCR,0,0,0.04069455909476502,0,0.015437917313297139,8
0,3,70.3,220.4,1,0,0,0,0,0,4029-HPFVY,0,1,0.5541294379576233,1,0.6034521994785447,1
0,32,64.85,2010.95,12,1,2,0,2,0,0484-FFVBJ,0,0,0.1508980859661255,0,0.16724410333982198,5
0,5,93.9,486.85,1,0,2,0,2,1,5380-AFSSK,1,1,0.7534474154965426,1,0.789799662236266,0
0,35,26.2,954.9,12,1,0,0,0,1,3506-OVLKD,0,0,0.030660666029355254,0,0.04452354841567786,8
0,59,19.85,1188.25,24,0,0,0,0,0,8711-LOBKY,0,0,0.01839719160310709,0,0.007261963049617309,9
0,69,99.35,6856.45,24,0,3,1,2,1,4419-UJMUS,0,0,0.1348273742527174,0,0.09056807829976984,6
0,13,63.15,816.8,1,0,3,2,1,0,6366-XIVKZ,0,0,0.23912842641633233,0,0.32873389005437786,4
1,57,55.0,3094.05,1,0,4,2,2,0,7733-UDMTP,0,0,0.2984125681514868,0,0.11943390189051667,3
0,49,20.7,1032.05,12,1,0,0,0,0,8430-TWCBX,0,0,0.01678203806191566,0,0.019835252266767446,9
0,7,19.85,144.15,24,0,0,0,0,0,8314-HTWVE,0,0,0.05892507674368869,0,0.05392662888965628,7
0,59,111.35,6519.75,1,0,5,3,2,1,6168-YBYNP,0,0,0.2597329408105796,0,0.3560461086951433,4
0,48,23.55,1173.35,24,0,0,0,0,1,4779-ZGICK,0,0,0.01943233277983032,0,0.014049373142847663,9
0,12,84.6,1017.35,1,0,2,1,1,0,7517-LDMPS,0,1,0.5387757055915096,1,0.5749486795195042,1
0,4,76.05,318.9,1,0,0,0,0,1,8443-ZRDBZ,1,1,0.6292641858442409,1,0.6565884322744919,0
0,61,20.4,1226.45,12,0,0,0,0,0,6248-BSHKG,0,0,0.01976110711145374,0,0.016578940998427605,9
0,1,19.55,19.55,1,0,0,0,0,0,2866-IKBTM,0,0,0.36277005942463303,0,0.2863374633147593,3
0,29,98.6,2933.2,1,1,3,1,2,1,8949-JTMAY,1,0,0.44214250570688846,1,0.5403642717684667,2
1,72,115.75,8399.15,24,1,6,4,2,1,8606-CIQUL,0,0,0.029742265159522514,0,0.05951093329567753,8
1,32,85.95,2628.6,1,1,1,0,1,1,5307-DZCVC,1,0,0.39200304362312804,1,0.5595816849571468,2
0,19,89.95,1682.4,1,0,3,2,1,0,2139-FQHLM,0,0,0.373140534598081,0,0.47555091777053804,3
0,1,95.65,95.65,1,0,2,0,2,1,6857-VWJDT,1,1,0.8538223674737742,1,0.8144128292974284,0
0,45,107.75,4882.8,1,1,4,2,2,1,1833-TCXKK,0,0,0.4026929600296384,0,0.42301739690589246,2
1,1,25.2,25.2,1,0,0,0,0,0,1768-ZAIFU,1,1,0.6805501521964107,0,0.39884807607579864,0
0,1,19.05,19.05,1,0,0,0,0,0,1015-OWJKI,0,0,0.3309183404479839,0,0.28353876738274403,3
0,1,20.05,20.05,1,0,0,0,0,0,8749-CLJXC,0,0,0.40962947943210454,0,0.2891526351002548,2
0,48,95.4,4445.3,1,0,3,2,1,1,4724-WXVWF,0,0,0.36683478392168234,0,0.34482702480746874,3
0,50,84.15,4164.4,12,1,5,3,2,1,1136-XGEQU,0,0,0.10717167303375415,0,0.07838852668675955,6
0,63,68.8,4111.35,12,1,4,4,0,1,9968-FFVVH,0,0,0.0508679817449645,0,0.017873619466238295,7
0,57,112.95,6465.0,24,1,5,3,2,1,5236-PERKL,1,0,0.16098128114442573,0,0.07567586393337712,5
0,42,25.25,1108.2,24,0,0,0,0,1,8098-TDCBU,0,0,0.025436044516274566,0,0.01873008367850501,8
0,18,74.15,1387.0,1,0,0,0,0,1,3094-JOJAI,0,0,0.4144577180367316,1,0.542724418327169,2
0,23,73.75,1756.6,12,0,3,1,2,1,8970-ANWXO,0,0,0.17371651710771438,0,0.27511250678763843,5
0,67,53.4,3579.15,1,1,4,2,2,0,3896-RCYYE,0,0,0.1932344048736882,0,0.04544225859786079,5
0,48,19.55,883.35,24,0,0,0,0,0,2230-XTUWL,0,0,0.012450834561543276,0,0.010929005447270095,9
0,1,51.2,51.2,1,0,1,1,0,0,9537-VHDTA,0,0,0.48968178815089447,0,0.4016456159945651,1
0,6,73.85,401.3,1,0,0,0,0,1,8873-GLDMH,0,1,0.621530467447675,1,0.6261983414127473,0
0,12,53.75,648.65,1,0,2,2,0,0,6898-MDLZW,0,0,0.22276569348026015,0,0.25788594870895726,4
0,55,73.1,4144.9,1,0,0,0,0,1,2101-RANCD,0,0,0.319795817731844,0,0.27073028241646213,3
0,60,104.7,6333.8,24,0,4,2,2,1,2001-EWBQU,0,0,0.17213350823964346,0,0.09835137896410888,5
0,71,20.85,1539.75,12,0,0,0,0,0,5324-KTGCG,0,0,0.026539923259725456,0,0.01157609742446056,8
0,41,111.15,4507.15,24,0,6,4,2,0,5514-YQENT,0,0,0.12178142161297874,0,0.08852224950798093,6
0,53,60.45,3184.25,12,0,5,3,2,0,2794-XIMMO,1,0,0.0938949792268742,0,0.03953611171821684,6
0,25,54.2,1423.15,12,0,4,2,2,0,8409-WQJUX,0,0,0.12505473365989464,0,0.10956041836086537,6
0,19,20.0,377.55,1,0,0,0,0,0,3011-WQKSZ,0,0,0.11542357102825586,0,0.16628327711011165,6
0,69,95.65,6744.2,12,1,3,1,2,0,8905-IAZPF,0,0,0.1665968078258095,0,0.12656259312032933,5
0,21,84.1,1737.45,1,0,1,0,1,1,5628-FCGYG,0,0,0.49427206247921807,1,0.6162183717799611,1
0,70,79.6,5589.45,24,1,5,3,2,0,7560-QJAVJ,0,0,0.03306487882881555,0,0.014639826854505026,8
0,1,45.95,45.95,1,0,0,0,0,0,5103-MHMHY,1,1,0.5404023333722969,0,0.45314492566398384,1
0,3,64.5,177.4,1,1,3,2,1,0,5630-AHZIL,0,0,0.3174233331134253,0,0.3406558794353652,3
0,38,20.05,678.2,12,0,0,0,0,0,5380-XPJNZ,0,0,0.01395804292279501,0,0.03922627555767336,9
0,13,89.4,1132.35,1,0,3,3,0,1,3374-LXDEV,1,0,0.4791206655735117,0,0.42446673310220945,1
0,12,19.7,258.35,24,0,0,0,0,0,5442-PPTJY,0,0,0.023442739354386778,0,0.044618376588265576,8
0,13,80.0,1029.35,1,1,1,1,0,1,1346-UFHAX,0,0,0.44954792376439323,0,0.4563432782701505,2
0,42,59.65,2536.55,1,1,3,3,0,0,5236-XMZJY,0,0,0.14413176610769984,0,0.07355606610869711,5
0,28,94.5,2659.4,1,1,3,2,1,1,1481-ZUWZA,1,0,0.3168030843036581,0,0.39925995954512705,3
0,17,19.65,351.55,12,1,0,0,0,0,8573-JGCZW,0,0,0.029581985863431214,0,0.06466738993301036,8
0,52,25.6,1334.5,24,1,0,0,0,1,0463-TXOAK,0,0,0.04259705389294784,0,0.009501564363838734,8
0,1,20.05,20.05,1,0,0,0,0,0,7096-UCLNH,0,0,0.40962947943210454,0,0.2891526351002548,2
0,11,20.3,246.3,1,1,0,0,0,0,9256-JTBNZ,0,0,0.15141659029916552,0,0.16934487436549053,5
0,46,30.3,1380.1,1,1,1,1,0,0,1322-AGOQM,1,0,0.18766868272634604,0,0.04815670919263858,5
0,72,92.0,6632.75,24,1,6,4,2,1,2990-IAJSV,0,0,0.020507943996088712,0,0.01723317217600065,9
0,62,70.45,4300.45,1,1,2,0,2,1,2294-DMMUS,0,0,0.3031137238105171,0,0.19145702814967414,3
0,8,68.55,564.35,1,0,3,1,2,0,3780-YVMFA,0,0,0.40727766646199515,1,0.5157269664715415,2
1,17,100.45,1622.45,1,1,3,1,2,1,7029-RPUAV,1,1,0.519238775610136,1,0.7026824695295938,1
0,28,54.9,1505.15,1,1,1,1,0,1,2155-AMQRX,0,0,0.18552355200119308,0,0.19396796935799165,5
0,1,79.15,79.15,1,0,1,1,0,1,7493-TPUWZ,1,1,0.7931517329992475,1,0.614722419510314,0
1,34,94.25,3217.55,1,0,3,2,1,1,8621-MNIHH,1,0,0.4045552432719891,1,0.5183620727556766,2
0,25,89.15,2257.75,1,1,3,2,1,0,5419-KLXBN,1,0,0.2836500739916658,0,0.35671804901794363,4
1,65,107.45,7047.5,12,0,4,2,2,1,5336-UFNZP,0,0,0.21717269680261403,0,0.270628485043701,4
0,1,52.2,52.2,1,0,1,1,0,0,4678-DVQEO,1,0,0.48968178815089447,0,0.40826539315519156,1
0,2,20.65,38.7,1,0,0,0,0,0,2839-RFSQE,1,0,0.22331579051813594,0,0.28438113637874757,4
1,1,70.45,70.45,1,0,0,0,0,0,0390-DCFDQ,1,1,0.76676746235357,1,0.6969576520547119,0
0,54,105.2,5637.85,12,0,4,2,2,1,7722-CVFXN,0,0,0.24329904552712134,0,0.23877105923671899,4
0,34,97.7,3410.0,1,1,3,1,2,1,4947-DSMXK,0,0,0.42271184137872725,1,0.500239564449291,2
0,39,80.45,3201.55,24,0,2,2,0,0,7666-WKRON,1,0,0.08628413143344658,0,0.05783158917396754,7
0,72,19.3,1304.8,24,1,0,0,0,0,5787-KXGIY,0,0,0.01462984361855051,0,0.003089990138240514,9
0,23,19.65,451.55,24,0,0,0,0,0,8143-ETQTI,0,0,0.0163680703262573,0,0.029194696617434682,9
0,11,20.4,231.45,24,0,0,0,0,0,6698-OXETB,0,0,0.04243609772383583,0,0.04713429402704132,8
0,25,108.9,2809.05,24,0,5,3,2,1,4016-BJKTZ,0,0,0.21304807144639112,0,0.17765107296211952,4
0,6,105.3,545.2,1,0,4,2,2,1,4587-VVTOX,1,1,0.6435883393270855,1,0.7093115314016117,0
0,72,25.4,1710.9,24,0,0,0,0,1,4312-KFRXN,0,0,0.018029347072347244,0,0.005829030006222019,9
0,72,25.0,1738.9,24,1,0,0,0,1,8224-KDLKN,0,0,0.011487061055955351,0,0.004267965102032368,9
0,12,79.55,958.25,1,1,1,1,0,1,2694-CIUMO,0,0,0.4800777672932931,0,0.4610374314723572,1
1,56,68.45,4014.0,12,1,4,4,0,1,5820-PTRYM,0,0,0.05170055392111525,0,0.03277391500283868,7
0,31,83.85,2674.15,1,1,2,1,1,0,0410-IPFTY,0,0,0.31272150410575733,0,0.36162062161939446,3
0,16,79.95,1267.95,1,1,1,1,0,1,4828-FAZPK,0,0,0.3671580362435504,0,0.4339104493822693,3
1,4,20.05,91.45,1,0,0,0,0,0,1855-CFULU,0,0,0.3128886653689408,0,0.33885854483102407,3
0,69,20.35,1442.65,12,1,0,0,0,0,1085-LDWAM,0,0,0.014261751869994298,0,0.00903105049268001,9
0,43,79.15,3566.6,24,1,5,3,2,0,5318-YKDPV,0,0,0.050714531219317155,0,0.03241958762731011,7
1,61,104.4,6405.0,12,1,4,2,2,1,7124-UGSUR,1,0,0.1949216907488725,0,0.2116468813920078,5
1,71,24.85,1901.0,24,1,0,0,0,1,3836-FZSDJ,0,0,0.010841806761997553,0,0.006434617838475796,9
0,58,19.55,1108.8,12,0,0,0,0,0,0788-DXBFY,0,0,0.021862126891180486,0,0.018039374169685506,9
0,45,105.15,4730.9,1,0,4,2,2,1,9408-HRXRK,0,0,0.4468504856435751,0,0.47522727266091835,2
1,61,65.2,3965.05,12,0,2,1,1,1,5446-DKWYW,0,0,0.1024280014645441,0,0.09779872569495812,6
0,29,78.9,2384.15,1,0,1,0,1,0,6311-UEUME,1,0,0.42079851952273656,0,0.4991596330298731,2
0,72,109.55,8165.1,24,0,5,3,2,1,0536-ACXIP,0,0,0.10206469026393371,0,0.06577015339412177,6
1,43,100.55,4304.0,12,1,4,2,2,0,1217-VASWC,0,0,0.1882007514738779,0,0.2516141556317862,5
0,10,54.25,583.0,1,0,2,2,0,0,3604-WLABM,0,0,0.2537791575703676,0,0.2751785101082978,4
0,26,56.05,1553.2,12,0,2,2,0,0,6933-FHBZC,0,0,0.07688811040221555,0,0.09364596350091282,7
0,71,105.15,7555.0,24,1,4,2,2,1,5360-LJCNJ,0,0,0.12084474231843252,0,0.05829829294746041,6
0,28,59.9,1654.7,12,0,3,3,0,0,5753-QQWPW,0,0,0.0712362213854378,0,0.06987323692566659,7
0,2,42.6,72.4,1,0,3,2,1,0,7881-EVUAD,1,1,0.5058195696122872,0,0.2837649347482631,1
0,26,44.65,1156.55,1,1,3,2,1,0,4524-QCSSM,0,0,0.19462761880109178,0,0.11644366313115194,5
0,33,61.05,2018.4,24,0,3,3,0,0,6603-YRDCJ,0,0,0.04302399939795481,0,0.02631234540504719,8
0,1,75.3,75.3,1,0,1,1,0,0,9940-RHLFB,1,1,0.7067950757302548,1,0.5654886401358329,0
0,70,106.05,7554.05,1,0,4,2,2,1,5804-HYIEZ,0,0,0.3992406831407147,0,0.3352313076209748,2
0,24,19.75,498.1,24,0,0,0,0,0,4335-UPJSI,0,0,0.014588985631032893,0,0.028288845849206386,9
0,60,116.6,7049.5,12,1,6,4,2,1,3680-CTHUH,0,0,0.14999335005367784,0,0.1310274319197735,5
0,12,106.7,1253.9,1,0,4,2,2,1,2027-FECZV,1,1,0.5999084068403809,1,0.6876014108266923,0
0,12,58.35,740.55,1,1,2,1,1,0,9089-UOWJG,0,0,0.249736261146377,0,0.31719733635860436,4
0,40,83.85,3532.25,1,1,1,0,1,1,9812-GHVRI,0,0,0.3683050300754844,0,0.41076382911946707,3
0,3,54.2,140.4,1,0,1,0,1,0,0988-JRWWP,0,0,0.4692946707964596,1,0.5172366207887517,2
0,71,99.0,6994.6,24,0,4,3,1,1,1545-JFUML,0,0,0.06787525659072761,0,0.03951140288744993,7
0,52,20.85,1071.6,12,1,0,0,0,0,5266-PFRQK,0,0,0.02542956810249908,0,0.017671492589147308,8
0,57,20.75,1123.15,24,0,0,0,0,0,8727-JQFHV,0,0,0.017267571780128357,0,0.008015556197259197,9
0,21,75.9,1549.75,12,1,3,1,2,1,4700-UBQMV,0,0,0.1449215448321003,0,0.2377348678620833,5
0,51,24.6,1266.4,12,1,0,0,0,1,5313-FPXWG,0,0,0.02545249726119627,0,0.023130459793480596,8
0,21,104.4,2157.95,1,0,4,2,2,1,0654-HMSHN,1,1,0.53599809726008,1,0.6196984311937568,1
0,40,105.75,4228.55,12,1,4,2,2,1,3858-XHYJO,0,0,0.20204170640566335,0,0.25316246076745,4
0,27,20.1,562.6,12,1,0,0,0,0,2150-OEGBV,0,0,0.01761280642722335,0,0.0451088115324351,9
1,69,20.3,1356.3,24,1,0,0,0,0,7515-LODFU,0,0,0.010457787605005108,0,0.0051436818802793535,9
0,69,105.2,7386.05,12,1,4,2,2,1,5440-VHLUL,0,0,0.18147679925516594,0,0.13901098930434333,5
0,62,65.1,3846.75,24,0,3,2,1,0,1221-GHZEP,0,0,0.04506916771792896,0,0.01822818978821518,8
0,70,98.3,6859.5,24,1,3,1,2,1,6797-LNAQX,1,0,0.09657216123310913,0,0.0638912211283531,6
1,72,77.35,5396.25,24,1,4,3,1,1,5329-KRDTM,0,0,0.036405989808522145,0,0.017231342849303114,8
0,71,76.9,5522.7,24,1,5,4,1,0,6283-GITPX,0,0,0.02626817889995235,0,0.008217459293029892,8
0,9,80.8,713.1,1,0,1,0,1,0,6000-APYLU,1,1,0.625509005195195,1,0.6529373479740491,0
0,23,59.95,1406.0,1,1,2,1,1,0,9069-LGEUL,0,0,0.19850446923351037,0,0.25254547425413393,5
0,67,20.5,1430.95,24,1,0,0,0,0,0397-ZXWQF,0,0,0.008401182120743235,0,0.0040317874709869,9
0,19,19.9,367.55,1,0,0,0,0,0,9967-ATRFS,0,0,0.11542357102825586,0,0.16568035426183855,6
0,61,98.45,6145.2,12,1,4,2,2,0,1131-SUEKT,0,0,0.15636766205926692,0,0.12287882186600424,5
0,5,48.65,235.2,1,1,1,1,0,0,4468-YDOVK,0,0,0.3064674351768122,0,0.2857226518095635,3
0,34,100.85,3527.3,1,0,3,1,2,1,0899-LIIBW,0,0,0.4875053774530064,1,0.6017938705792584,1
0,4,55.2,220.65,1,0,2,2,0,0,1575-KRZZE,0,0,0.35299339655872464,0,0.3219220122219634,3
0,10,65.5,616.9,1,0,3,2,1,0,9700-ISPUP,0,0,0.25496620685667076,0,0.3649422850104134,4
0,35,60.55,1982.6,1,0,3,3,0,0,0289-IVARM,0,0,0.15329794083944445,0,0.11998305191945839,5
0,8,87.05,762.1,1,0,1,0,1,1,6979-ZNSFF,1,1,0.7001548309187909,1,0.7213839604267324,0
1,41,113.2,4689.5,1,0,5,3,2,1,7279-BUYWN,1,0,0.39795879264772027,1,0.5690089800523083,2
0,60,79.05,4663.4,1,1,5,3,2,0,1036-GUDCL,0,0,0.1642180019396406,0,0.09762988209809623,5
0,18,89.6,1633.0,12,1,2,1,1,1,2432-TFSMK,0,0,0.1323482312197717,0,0.320598334751684,6
0,5,75.65,399.45,1,0,1,1,0,0,6034-YMTOB,0,1,0.5355805795169338,1,0.5385987151931659,1
1,8,19.65,164.3,1,0,0,0,0,0,4160-AMJTL,1,0,0.25264992752245247,0,0.30186047926324694,4
0,52,79.2,4016.3,24,0,5,3,2,0,1960-UOTYM,0,0,0.04914292700593328,0,0.032313706413360635,7
0,37,67.45,2443.3,12,0,4,4,0,1,9207-ZPANB,0,0,0.07569889179269175,0,0.05235406701612752,7
0,42,19.05,761.85,12,0,0,0,0,0,4530-NDRKU,0,0,0.016580553289583543,0,0.0328280610782348,9
0,24,19.7,452.55,24,0,0,0,0,0,8173-RXAYP,0,0,0.014471466716049285,0,0.028048912019756872,9
0,7,38.55,280.0,24,0,3,3,0,0,7492-TAFJD,0,0,0.08634296175399137,0,0.032403571982298034,6
0,58,24.5,1497.9,12,1,0,0,0,1,4121-AGSIN,0,0,0.02243728866491692,0,0.017853484579822138,8
1,42,104.75,4323.45,1,1,4,2,2,1,6661-HBGWL,1,0,0.4679326456225438,0,0.49819973778346827,2
0,13,80.85,1008.7,1,0,1,0,1,0,5228-EXCET,1,1,0.5209159730887842,1,0.6248955054896242,1
1,72,104.1,7447.7,24,1,5,3,2,0,6374-NTQLP,0,0,0.06690611804303188,0,0.04851953223588518,7
1,28,110.85,3204.4,1,0,5,3,2,1,6030-REHUX,0,0,0.40579390830208806,1,0.6290334214710073,2
0,53,105.25,5576.3,12,0,4,2,2,1,3567-PQTSO,0,0,0.2428475891072355,0,0.24502637412325937,4
0,57,100.75,5985.0,12,1,3,1,2,1,2293-IJWPS,0,0,0.20806051366603687,0,0.21335208487223029,4
0,34,20.35,673.2,1,0,0,0,0,0,9860-LISIZ,0,0,0.10284811635788481,0,0.10012940458629135,6
0,6,85.95,514.6,1,0,2,1,1,0,8132-YPVBX,0,1,0.6567018531369375,1,0.6256829521353044,0
0,59,44.3,2666.75,1,0,2,0,2,0,2478-EEWWM,0,0,0.2964867956400613,0,0.11076707322957446,3
0,8,44.45,369.3,1,0,0,0,0,0,8455-HIRAQ,0,0,0.28416861197316573,0,0.38328587212452847,4
0,50,19.8,1013.2,24,0,0,0,0,0,0608-JDVEC,0,0,0.012030588769980255,0,0.01032391220354116,9
0,51,20.45,1042.65,24,0,0,0,0,0,8701-DGLVH,0,0,0.01311494693636833,0,0.010119455684421581,9
0,1,45.85,45.85,1,0,0,0,0,0,4237-RLAQD,1,1,0.5404023333722969,0,0.4524642387756551,1
0,47,98.75,4533.7,1,0,4,3,1,1,6845-RGTYS,1,0,0.36255825598855407,0,0.29982430516390013,3
0,56,109.8,6109.65,12,1,5,3,2,1,6198-PNNSZ,0,0,0.2114807376922771,0,0.15388738027394613,4
1,2,49.95,107.1,1,0,1,1,0,0,4223-WOZCM,0,1,0.5556816979827089,0,0.47036956921512263,1
0,2,79.0,143.65,1,0,1,0,1,0,7198-GLXTC,1,1,0.6870643675239175,1,0.6877303332354779,0
0,1,76.35,76.35,1,0,1,1,0,0,6910-HADCM,1,1,0.743718720747096,1,0.5725625384413703,0
0,24,50.6,1288.75,12,0,3,1,2,0,6778-JFCMK,0,0,0.14733116004665628,0,0.13970153757942025,5
0,41,19.5,798.2,12,1,0,0,0,0,7216-KAOID,0,0,0.015115700466335797,0,0.0258548870965668,9
0,51,98.85,4947.55,12,0,3,1,2,1,0422-UXFAP,0,0,0.2229699106680853,0,0.27650315703052,4
0,1,48.55,48.55,1,0,1,1,0,0,0322-YINQP,1,1,0.500215742783187,0,0.3842815046253887,1
0,37,35.8,1316.9,24,1,1,0,1,0,8727-XDPUD,0,0,0.09056555836360441,0,0.023520898595879216,6
0,51,93.5,4619.55,12,0,4,3,1,0,4075-JFPGR,0,0,0.10689790279296554,0,0.11197145355586817,6
0,32,98.85,3145.9,1,1,3,1,2,1,3312-UUMZW,0,0,0.43500172583812813,1,0.518729617202498,2
0,64,73.55,4764.0,1,0,1,1,0,0,5921-NGYRH,0,0,0.28726117378034755,0,0.15243775897960388,4
1,39,99.1,3877.95,12,0,4,2,2,0,6383-ZTSIW,0,0,0.20488176016610424,0,0.32718535503288665,4
0,7,69.45,477.05,12,0,4,3,1,0,2969-WGHQO,0,0,0.15075891389028542,0,0.1795054707530923,5
1,38,94.75,3653.0,1,0,2,0,2,1,5144-TVGLP,0,1,0.523688271559021,1,0.6896363260636057,1
0,1,24.2,24.2,1,0,0,0,0,0,5351-QESIO,0,0,0.44029440195322,0,0.3131371838744909,2
0,2,74.4,139.4,1,0,1,1,0,0,0388-EOPEX,1,1,0.5514629677823961,1,0.5514564256863285,1
0,4,89.6,365.65,1,0,2,1,1,1,9565-DJPIB,1,1,0.7123086145421642,1,0.6841016134097812,0
0,66,66.1,4428.45,24,1,3,3,0,1,0420-TXVSG,0,0,0.0295143637539952,0,0.00900293595248186,8
0,44,61.9,2924.05,1,0,3,3,0,0,2408-PSJVE,0,0,0.1501034293084276,0,0.10087902000657005,5
0,18,80.55,1406.65,1,1,1,1,0,1,2911-WDXMV,0,0,0.3521315865357583,0,0.4225077578038779,3
0,71,24.35,1654.6,24,0,0,0,0,1,9365-CSLBQ,0,0,0.014828044188944402,0,0.00585763458053425,9
0,3,49.9,130.1,1,0,1,1,0,0,6304-IJFSQ,1,0,0.4044925642663943,0,0.37594663395854827,2
0,13,55.95,734.35,1,0,1,0,1,0,4640-UHDOS,1,0,0.2794665384620753,0,0.44665385837014676,4
0,26,20.65,595.5,12,1,0,0,0,0,9534-NSXEM,0,0,0.019189948947657444,0,0.04790657439431257,9
0,6,83.9,497.55,1,0,2,1,1,0,3908-BLSYF,1,1,0.6464687052026501,1,0.6118240225962894,0
1,54,90.05,4931.8,1,0,2,1,1,1,8058-DMYRU,0,0,0.4001100223129941,0,0.43468029255276336,2
1,36,85.25,3132.75,1,1,1,0,1,1,5373-SFODM,1,0,0.39204207253123047,1,0.5327687052306777,2
0,2,56.7,113.55,1,0,1,1,0,1,8450-JOVAH,1,0,0.42423134064537094,0,0.4543635675994536,2
0,4,23.9,97.5,12,0,0,0,0,1,7356-AYNJP,0,0,0.08885028738054501,0,0.16297080153585897,6
0,51,56.15,2898.95,12,0,4,2,2,0,0743-HRVFF,0,0,0.10859557635622609,0,0.05148445391792254,6
1,70,105.55,7195.35,12,1,4,2,2,1,4323-OHFOW,0,0,0.17042241498291014,0,0.17654421916535087,5
0,72,24.25,1784.5,24,1,0,0,0,1,0480-KYJVA,0,0,0.009859071333337698,0,0.004212757859731866,9
0,72,19.8,1468.75,24,1,0,0,0,0,7606-BPHHN,0,0,0.008049046746280032,0,0.0032166093857108227,9
1,72,109.75,8075.35,24,0,5,3,2,1,9866-OCCKE,0,0,0.08418852369808569,0,0.08989484647415996,7
0,72,19.55,1463.45,24,1,0,0,0,0,1166-PQLGG,0,0,0.008785302384464497,0,0.003192052322395117,9
0,46,19.6,851.2,1,0,0,0,0,0,5468-BPMMO,0,0,0.1241972806618983,0,0.06295612592025628,6
0,31,93.8,3019.5,1,0,3,2,1,1,8914-RBTSB,1,0,0.37275547384722835,0,0.4525187383692853,3
0,61,50.7,3088.75,12,1,4,3,1,0,2405-LBMUW,0,0,0.06152588156020805,0,0.014448131315423341,7
0,71,80.4,5727.15,24,1,5,4,1,1,7898-PDWQE,0,0,0.027231906295209853,0,0.010287579382282681,8
0,3,75.5,220.6,1,0,0,0,0,1,1320-HTRDR,1,1,0.638838118704396,1,0.6592343775129094,0
1,57,100.6,5746.15,1,0,3,1,2,1,3768-NLUBH,1,0,0.4284508526860516,1,0.5327464128631986,2
0,9,94.4,857.25,1,0,2,0,2,1,5698-BQJOH,1,1,0.7321361158630811,1,0.773216298991928,0
0,12,20.3,246.7,1,0,0,0,0,0,6838-HVLXG,0,0,0.13052895469899808,0,0.20981344603975852,6
0,61,19.45,1336.35,12,1,0,0,0,0,8241-JUIQO,0,0,0.01542676215148998,0,0.01215358449404067,9
0,19,34.95,610.2,1,0,2,2,0,0,3472-OAOOR,0,0,0.20954535209290115,0,0.1328641331572738,4
0,71,77.35,5550.1,24,1,5,4,1,0,3429-IFLEM,0,0,0.02626817889995235,0,0.008355020628954083,8
0,62,23.65,1416.75,24,1,0,0,0,1,2632-TACXW,0,0,0.010084078705151099,0,0.0059755106422636865,9
0,67,70.9,4677.1,24,1,4,4,0,1,3200-MNQTF,0,0,0.036001079976829546,0,0.007193926112979975,8
0,62,56.15,3487.95,12,1,2,2,0,0,6388-TABGU,0,0,0.05342376983365035,0,0.02191097523498407,7
0,70,113.65,7939.25,24,1,6,4,2,1,2368-GAKKQ,0,0,0.06623993777605336,0,0.040911931149867437,7
0,35,72.25,2568.55,1,0,4,3,1,1,4489-SNOJF,1,0,0.22194046226022185,0,0.20130997117119784,4
0,51,59.3,3014.65,12,0,5,3,2,0,5294-CDGWY,1,0,0.09254450753985508,0,0.040556062598597946,6
0,19,60.6,1297.8,1,0,3,3,0,0,3639-XJHKQ,0,0,0.17378981833990473,0,0.19488917899939678,5
0,49,93.65,4520.15,12,0,3,2,1,1,1470-PSXNM,0,0,0.12613936714033144,0,0.17588501834516387,6
0,8,73.5,632.2,1,0,0,0,0,1,8541-QVFKM,0,1,0.5785829823728279,1,0.6126348716410647,1
0,1,75.7,75.7,1,0,1,1,0,0,5196-SGOAK,1,1,0.7246121691452682,1,0.5681867672589043,0
0,13,19.3,279.3,1,0,0,0,0,0,6112-KTHFQ,0,0,0.12442363988100068,0,0.19927859708574414,6
0,25,19.2,532.1,1,1,0,0,0,0,8780-RSYYU,0,0,0.10493416952154262,0,0.10226397080695006,6
0,1,62.05,62.05,1,0,2,2,0,1,1541-ETJZO,1,0,0.4673702755028976,0,0.41157960387778864,2
0,18,49.55,878.35,1,0,1,1,0,0,7410-KTVFV,1,0,0.22856381116035707,0,0.26192796089707154,4
0,7,69.15,488.65,1,1,0,0,0,0,8993-IZEUX,0,0,0.4069314244919013,0,0.4885402195306516,2
0,26,75.5,2018.1,12,1,1,1,0,0,9040-KZVWO,0,0,0.08487302885403833,0,0.16586087406850153,7
0,7,19.9,173.15,12,0,0,0,0,0,2673-ZALNP,0,0,0.042926648605329375,0,0.12352732588354842,8
0,56,107.25,6033.3,12,0,4,2,2,1,6815-ABQFQ,0,0,0.2449033411083609,0,0.245141192929974,4
0,18,19.35,309.25,24,0,0,0,0,0,2892-GESUL,0,0,0.02060694097086845,0,0.03483341757571186,9
0,17,83.55,1329.15,1,0,2,1,1,0,3365-SAIGS,0,0,0.4641254149217445,1,0.5275522735836238,2
0,4,93.5,362.2,1,0,3,2,1,1,1731-TVIUK,1,1,0.668689331377683,1,0.6280272998973147,0
0,66,58.2,3810.8,24,1,3,3,0,0,9795-SHUHB,0,0,0.026371201549113894,0,0.005968876204213965,8
0,61,19.75,1124.2,24,0,0,0,0,0,7157-SMCFK,0,0,0.01578971873850612,0,0.0065844300304608245,9
0,22,65.25,1441.8,12,1,3,2,1,0,7184-LRUUR,0,0,0.09187591798319804,0,0.11195796294291137,6
0,3,74.4,215.8,1,1,0,0,0,1,6680-WKXRZ,1,1,0.6531504129511054,1,0.5798498096349058,0
0,2,20.45,42.45,1,0,0,0,0,0,3594-IVHJZ,0,0,0.21228673127210296,0,0.2833945821757616,4
0,55,96.75,5238.9,1,0,3,2,1,1,0486-HECZI,1,0,0.3390529305387256,0,0.3153361723748676,3
0,43,19.55,876.15,24,0,0,0,0,0,1047-RNXZV,0,0,0.012305317109625092,0,0.013482455440496081,9
0,68,89.95,5974.3,24,1,2,1,1,1,7691-XVTZH,0,0,0.06024719368165084,0,0.04424853019614013,7
0,3,57.55,161.45,1,0,2,1,1,0,7404-JLKQG,0,0,0.3749121618831598,0,0.4523972396527218,3
0,4,60.4,272.15,1,0,3,3,0,0,5482-NUPNA,1,0,0.28619829481729303,0,0.27899607765551954,4
0,58,59.9,3505.1,24,1,2,2,0,1,3638-WEABW,0,0,0.03637572171724486,0,0.013078220970878103,8
0,16,50.15,762.25,1,0,1,1,0,0,2810-FTLEM,1,0,0.22663858217071753,0,0.27829075123418234,4
1,23,34.65,768.45,1,1,1,0,1,0,1261-FWTTE,0,0,0.34492211578346493,0,0.2355993253958267,3
0,1,19.55,19.55,1,0,0,0,0,0,1622-HSHSF,0,0,0.36277005942463303,0,0.2863374633147593,3
1,33,80.6,2656.5,1,1,1,1,0,1,9369-XFEHK,1,0,0.33441533005434415,0,0.40094893502792284,3
0,10,55.2,528.35,1,1,2,2,0,0,4190-MFLUW,1,0,0.23695152753341855,0,0.22125887975004035,4
0,70,88.0,5986.45,24,1,3,3,0,1,4178-EGMON,0,0,0.04780652150349732,0,0.01761948456060989,7
0,68,62.65,4375.8,24,1,4,4,0,0,3563-SVYLG,0,0,0.025913196314695783,0,0.0047622446317343685,8
1,32,106.35,3520.75,1,1,4,2,2,1,3757-NJYBX,1,0,0.4612660010364236,1,0.5826231513647443,2
1,61,85.55,5251.75,12,1,2,2,0,1,3733-UOCWF,0,0,0.0843740240221613,0,0.09790484177804289,7
0,22,20.05,470.2,1,0,0,0,0,0,9867-NNXLC,0,0,0.10951234752086565,0,0.15135416215961076,6
0,1,20.75,20.75,1,1,0,0,0,0,2700-LUEVA,0,0,0.34241961191980935,0,0.2337637966891492,3
0,5,50.6,249.95,1,0,0,0,0,1,8601-QACRS,1,0,0.37623231505330984,0,0.47480840199250324,3
0,69,20.55,1403.1,12,1,0,0,0,0,4302-ZYFEL,0,0,0.014261751869994298,0,0.009022440320307079,9
0,3,69.55,222.3,1,1,0,0,0,0,9576-ANLXO,1,1,0.5091390029131643,1,0.5231807926543236,1
0,71,58.65,4145.25,24,0,5,3,2,0,6614-YOLAC,0,0,0.04484433234778426,0,0.008561888739504833,8
1,1,25.05,25.05,1,0,0,0,0,0,9907-SWKKF,1,1,0.6793596760059344,0,0.39786044308584717,0
0,22,88.75,1885.15,1,0,2,1,1,1,9054-FOWNV,0,0,0.48307422448733534,1,0.5564817565898821,1
0,4,90.65,367.95,1,0,2,1,1,1,5339-PXDVH,0,1,0.7130234200826913,1,0.6903454436722994,0
1,13,54.8,731.3,1,0,2,2,0,0,4522-AKYLR,0,0,0.28760385436825864,0,0.32962637326502453,4
0,19,45.0,865.85,1,1,0,0,0,0,2828-SLQPF,0,0,0.19176291677305618,0,0.2392049913540753,5
0,68,109.05,7508.55,24,1,5,3,2,1,3766-EJLFL,0,0,0.13233676513986792,0,0.051671761204634827,6
0,72,116.8,8456.75,24,1,6,4,2,1,0017-IUDMW,0,0,0.03491310848062668,0,0.04436343914762301,8
0,35,85.95,3110.1,12,1,5,3,2,1,3594-UVONA,1,0,0.1310986685481613,0,0.12505816496536545,6
0,32,84.15,2585.95,1,1,2,1,1,0,1550-LOAHA,1,0,0.31289203739455224,0,0.3504148809279751,3
0,57,53.35,3090.05,24,1,4,2,2,0,1139-WUOAH,0,0,0.055520820562718516,0,0.011872407164934599,7
1,2,84.05,186.05,1,0,1,0,1,1,2545-EBUPK,0,1,0.782295468650824,1,0.7989999923636921,0
0,17,25.65,440.2,1,0,0,0,0,0,6029-CSMJE,0,0,0.1528190001195249,0,0.20387742940738113,5
0,38,20.2,746.05,24,0,0,0,0,0,8577-QSOCG,0,0,0.011428808392488396,0,0.01658633927844886,9
1,7,74.85,485.25,1,0,0,0,0,1,9334-GWGOW,0,1,0.6487369388747911,1,0.7030569696672717,0
0,30,50.0,1474.9,1,0,1,1,0,0,3794-NFNCH,0,0,0.17726243130957567,0,0.1915894302775343,5
0,26,61.55,1581.95,12,0,2,2,0,1,9052-DHNKM,0,0,0.0770007287813362,0,0.11742291063012188,7
0,10,67.8,653.15,1,1,3,1,2,0,1436-ZMJAN,0,0,0.31494683571045184,0,0.41689684366450486,3
0,35,20.5,759.35,24,1,0,0,0,0,6169-PPETC,0,0,0.012003956839594319,0,0.014052957693284091,9
0,1,55.25,55.25,1,0,1,0,1,0,5501-TVMGM,0,1,0.6035174613557843,1,0.5422258697911554,0
0,1,18.85,18.85,1,0,0,0,0,0,8992-CEUEN,0,0,0.3609509248726917,0,0.2824239287174971,3
0,15,55.7,899.8,1,0,1,1,0,1,9103-TCIHJ,1,0,0.2580910677525627,0,0.34562466623566274,4
0,62,94.95,5791.85,12,1,3,2,1,1,6242-SGYTS,0,0,0.11133384193938577,0,0.10293876196465551,6
0,71,53.95,3888.65,24,1,5,4,1,0,6164-HAQTX,0,0,0.027119720306862664,0,0.003383558767481451,8
0,61,94.15,5731.85,1,1,4,3,1,0,1346-PJWTK,0,0,0.18368628424328293,0,0.144002668362816,5
1,29,79.3,2414.55,1,0,1,1,0,1,3312-ZWLGF,0,0,0.43193333533080447,1,0.5003919415123674,2
0,72,115.5,8425.15,24,0,6,4,2,1,8015-IHCGW,0,0,0.04002729198131582,0,0.057125046421480474,8
0,2,74.9,147.15,1,1,0,0,0,1,7571-YXDAD,1,1,0.6603380481756352,1,0.5908317811834484,0
0,3,96.6,291.9,1,0,2,0,2,1,9057-SIHCH,1,1,0.7489732545435364,1,0.810194805408883,0
0,28,54.65,1517.5,1,1,2,2,0,0,9972-NKTFD,0,0,0.1694900210397944,0,0.13214867901530866,5
0,22,95.1,2162.6,1,0,2,0,2,1,5382-SOYZL,0,1,0.5523206132362813,1,0.7113683166885603,1
0,24,56.35,1381.2,1,1,2,2,0,0,5092-STPKP,0,0,0.1758605715932813,0,0.1561934636170136,5
0,14,59.8,824.85,1,1,2,1,1,0,9481-SFCQY,0,0,0.24816699363075956,0,0.31026551427785304,4
1,4,84.6,360.1,1,0,1,0,1,1,4750-ZRXIU,1,1,0.7618465366112497,1,0.7921377429635562,0
0,12,61.65,713.75,1,0,3,3,0,1,0719-SYFRB,1,0,0.22103258027409112,0,0.25207741566174696,4
1,51,19.6,967.9,24,1,0,0,0,0,4698-KVLLG,0,0,0.015915466696255057,0,0.010174610499871622,9
0,55,104.15,5743.05,12,0,4,2,2,1,4088-YLDSU,1,0,0.2361331241410759,0,0.2290363879854832,4
0,14,50.75,712.75,1,0,3,1,2,0,8008-HAWED,1,0,0.2880821981057796,0,0.34174038454096767,3
0,69,19.9,1356.7,24,1,0,0,0,0,9537-JALFH,0,0,0.008203158749324278,0,0.003599185681845232,9
0,58,95.3,5817.7,1,0,3,1,2,0,2386-OWURY,0,0,0.35371069457005,0,0.37979580425123716,3
0,6,19.55,122.9,1,0,0,0,0,0,3724-UCSHY,0,0,0.15263667842765755,0,0.24783835913817345,5
0,7,50.7,350.35,1,0,1,1,0,0,6497-TILVL,0,0,0.3085587333880719,0,0.34974910196368003,3
0,69,53.65,3804.4,12,1,2,2,0,0,1122-YJBCS,0,0,0.0548646735713438,0,0.016068486071043574,7
0,2,19.6,35.85,1,0,0,0,0,0,7854-EKTJL,1,0,0.20649556062597646,0,0.2784886919888552,4
0,26,50.35,1285.8,12,0,1,1,0,0,0980-FEXWF,0,0,0.07330686503417888,0,0.10773001694167689,7
1,51,25.0,1260.7,12,1,0,0,0,1,6814-ZPWFQ,0,0,0.03338953135609901,0,0.03275326742373653,8
0,1,88.35,88.35,1,0,2,0,2,0,3722-WPXTK,1,1,0.8048466841424851,1,0.7650241781622524,0
0,72,69.85,5102.35,24,1,4,4,0,1,0270-THENM,0,0,0.031129679380720122,0,0.006056071451669907,8
0,2,45.85,105.6,1,0,0,0,0,0,5365-LLFYV,0,0,0.46085268627743425,0,0.4442927438026883,2
0,48,45.55,2108.35,1,1,3,2,1,0,9013-AQORL,0,0,0.16005746951277236,0,0.057990196376578616,5
0,8,74.85,572.45,1,0,0,0,0,1,3030-YDNRM,0,1,0.5858602758347178,1,0.619060829938257,1
0,2,20.75,44.2,1,0,0,0,0,0,0816-TSPHQ,0,0,0.22331579051813594,0,0.28511930880857644,4
0,56,98.0,5270.6,12,0,3,1,2,1,6284-KMNUF,0,0,0.22795102517373317,0,0.2411592287781378,4
0,1,24.6,24.6,1,0,0,0,0,0,9227-LUNBG,1,0,0.4420838827003192,0,0.3155055408028829,2
0,1,20.2,20.2,1,1,0,0,0,0,2955-PSXOE,1,0,0.3478366754051511,0,0.23106826145487294,3
0,1,75.3,75.3,1,0,1,1,0,0,3627-FHKBK,1,1,0.7067950757302548,1,0.5654886401358329,0
1,66,102.85,6976.75,12,1,4,2,2,1,7134-MJPDY,0,0,0.18676476987938795,0,0.18569861690156675,5
0,26,85.9,2196.45,1,1,2,1,1,0,5201-USSQZ,0,0,0.3198133499617251,0,0.40703744839554856,3
0,54,69.95,3871.85,24,1,4,3,1,0,6288-CHQJB,0,0,0.0372545501259575,0,0.015221924006337912,8
0,19,59.8,1130.85,1,0,2,1,1,0,5438-QMDDL,0,0,0.2525099792506665,0,0.34164135191061884,4
0,1,19.3,19.3,1,1,0,0,0,0,7926-IJOOU,0,0,0.282888582307393,0,0.22670446393275656,4
0,15,99.1,1426.4,1,1,4,2,2,0,9420-LOJKX,1,0,0.47737673575539735,1,0.5190618479286596,1
1,30,101.3,2974.5,1,0,3,1,2,1,7748-UMTRK,0,1,0.5335914201493983,1,0.7014412558796455,1
0,10,20.0,185.4,1,0,0,0,0,0,4860-YZGZM,0,0,0.15746392924158947,0,0.22119579939662737,5
0,2,75.8,160.75,1,0,1,1,0,0,5159-YFPKQ,1,1,0.5852546599437808,1,0.5617478900570815,1
0,52,64.3,3410.6,12,0,3,2,1,0,8777-PVYGU,0,0,0.07584670686219402,0,0.05994773882708082,7
0,15,48.8,720.1,1,0,0,0,0,1,7876-BEUTG,0,0,0.23480719261308866,0,0.37728565340107034,4
0,1,19.4,19.4,1,0,0,0,0,0,9629-NHXFW,0,0,0.3460723748223028,0,0.28549611913767475,3
0,69,19.8,1436.95,24,1,0,0,0,0,7876-DNYAP,0,0,0.008339681445429896,0,0.0036363308623284024,9
0,71,80.1,5585.4,24,0,5,4,1,1,7649-SIJJF,0,0,0.03366044413426491,0,0.01350911941439381,8
0,15,19.8,309.4,1,0,0,0,0,0,9364-YKUVW,0,0,0.133330413246234,0,0.18881103943874183,6
0,40,51.1,2092.9,1,0,1,1,0,0,9115-YQHGA,0,0,0.18405674913634812,0,0.14972829311937166,5
0,5,19.65,92.05,1,1,0,0,0,0,3694-GLTJM,0,0,0.16283540418411233,0,0.2015528873918935,5
0,16,19.05,326.65,12,0,0,0,0,0,0307-BCOPK,0,0,0.023845017821744485,0,0.08766982018646143,8
0,57,65.2,3687.85,1,1,3,3,0,1,4981-FLTMF,0,0,0.1271455111985428,0,0.060772572789747265,6
0,21,86.5,1808.7,1,0,1,0,1,1,2057-ZBLPD,1,0,0.4960553542235656,1,0.6342852399219961,1
1,19,105.0,2007.25,1,0,5,3,2,0,3197-ARFOY,0,0,0.43980394964630276,1,0.6131510116852633,2
0,11,35.65,425.1,1,0,2,2,0,0,8158-WPEZG,0,0,0.24072399874526254,0,0.17582962556634757,4
0,46,69.1,3168.0,1,1,3,1,2,0,7502-BNYGS,0,0,0.24501925239941424,0,0.19304888906568002,4
1,6,74.1,450.9,1,0,1,1,0,0,1658-TJVOA,0,1,0.5420587110651104,1,0.6048557593698648,1
0,53,108.25,5935.1,1,1,5,3,2,0,1074-AMIOH,0,0,0.24484867797312154,0,0.28483424443883,4
0,64,19.45,1225.65,24,1,0,0,0,0,8347-GDTMP,0,0,0.01239258750967552,0,0.004306578580105972,9
0,41,102.6,4213.35,12,0,4,2,2,1,3058-HJCUY,1,0,0.2359816301565861,0,0.2877884948806024,4
0,60,61.35,3766.2,24,0,3,3,0,0,4012-YCFAI,0,0,0.030809534473579165,0,0.011283638575860072,8
0,42,19.55,839.4,12,0,0,0,0,0,8717-VCTXJ,0,0,0.014556672583729216,0,0.03367187630224418,9
0,1,21.0,21.0,1,0,0,0,0,0,6770-XUAGN,1,0,0.42028851312564514,0,0.29454641187417563,2
0,60,19.85,1128.1,24,1,0,0,0,0,7114-AEOZE,0,0,0.010674388242507169,0,0.005080566787162973,9
0,72,82.65,5919.35,24,1,5,3,2,1,9385-NXKDA,0,0,0.027587704210387774,0,0.016958259028227445,8
0,34,105.1,3634.8,1,0,5,3,2,0,2874-YXVVA,0,0,0.35275914733821895,0,0.4350595637733371,3
0,20,88.7,1761.45,1,0,2,1,1,1,5366-IJEQJ,1,0,0.47964104476383307,1,0.5722227050705682,1
0,35,40.9,1383.6,12,0,2,1,1,0,2877-VDUER,0,0,0.09000382818741125,0,0.0666548535553707,6
0,64,99.0,6375.8,24,1,4,2,2,0,4049-ZPALD,0,0,0.09787938004229922,0,0.050193255665065946,6
0,24,84.35,1938.05,1,0,2,2,0,1,3569-EDBPQ,0,0,0.4048734362145768,0,0.39488564854397573,2
0,24,58.35,1346.9,12,0,2,2,0,1,9357-UJRUN,0,0,0.08340434564534535,0,0.11333214610802607,7
1,7,48.2,340.35,1,0,1,1,0,0,0015-UOCOJ,0,0,0.3642449059149074,0,0.41525397042145806,3
0,41,50.05,2029.05,12,1,1,1,0,0,3926-YZVVX,0,0,0.06398083296960135,0,0.049751766042924674,7
0,9,20.25,172.35,12,0,0,0,0,0,4537-CIBHB,0,0,0.04251242916515463,0,0.1155253305372464,8
1,7,89.15,574.35,1,0,2,0,2,0,4115-NZRKS,0,1,0.6861289503173176,1,0.7977844331513426,0
0,1,50.5,50.5,1,0,1,1,0,0,6608-QQLVK,1,0,0.4936469633570445,0,0.3970328680242589,1
0,72,90.8,6397.6,24,1,6,4,2,1,5727-MYATE,0,0,0.019527949765602595,0,0.01607150691322093,9
0,9,39.55,373.0,12,0,3,3,0,0,0373-AIVNJ,0,0,0.11303723879853039,0,0.07307117892818177,6
1,4,99.8,442.85,1,1,4,2,2,0,5419-CONWX,1,1,0.6635472716787261,1,0.6799580348015068,0
0,4,80.35,307.4,1,0,1,0,1,0,2959-MJHIC,1,1,0.6466469992275862,1,0.6829815899699376,0
1,4,72.75,317.75,1,0,1,1,0,0,0581-BXBUB,0,1,0.5419980600093279,1,0.6112884594167735,1
0,50,103.7,5071.05,1,0,4,2,2,1,1842-EZJMK,1,0,0.4262729806645652,0,0.42623211131103494,2
0,51,24.75,1234.6,24,0,0,0,0,1,6080-LNESI,0,0,0.023603164686006872,0,0.012912773597464792,8
0,3,50.25,152.3,1,0,1,1,0,0,4026-SKKHW,0,0,0.40698370995499267,0,0.37904019833371816,2
0,22,69.7,1490.4,1,0,0,0,0,0,2178-PMGCJ,0,0,0.3644310878619199,0,0.44958039919200043,3
0,1,55.4,55.4,1,0,1,0,1,0,3063-QFSZL,1,1,0.5875952711724933,1,0.5432485521200116,0
0,15,45.9,693.45,12,0,4,4,0,0,2834-JKOOW,0,0,0.08254185089025518,0,0.050868169885166,7
0,3,79.4,244.65,1,0,1,0,1,0,1678-FYZOW,1,1,0.6527890653441638,1,0.6844104496423066,0
0,6,49.5,312.7,1,1,1,1,0,0,5600-PDUJF,0,0,0.2989815702357604,0,0.2843079479674531,3
0,60,99.8,5985.75,1,0,3,1,2,1,8785-CJSHH,0,0,0.4148693652378557,0,0.4187901866914423,2
0,41,20.45,775.6,1,0,0,0,0,0,5546-BYZSM,0,0,0.10586479778150902,0,0.07758396006254374,6
0,9,50.85,466.6,1,0,1,1,0,0,7054-ENNGU,0,0,0.2879617347249178,0,0.3356697671250685,3
0,20,69.8,1540.35,1,1,0,0,0,0,0599-XNYDO,0,0,0.3101656876776822,0,0.3982076696041544,3
0,23,75.6,1758.6,1,1,0,0,0,1,6825-UYPFK,1,0,0.3309052964771675,0,0.4379827589406987,3
0,22,65.05,1427.55,1,0,3,3,0,1,1852-XEMDW,0,0,0.19020266913047607,0,0.21312220187147848,5
0,68,85.5,5696.6,12,1,2,2,0,1,3301-VKTGC,0,0,0.09098498100390533,0,0.05749762290979704,6
0,8,75.0,632.95,1,0,1,1,0,0,7993-PYKOF,1,1,0.5127491419324708,1,0.511659616049202,1
0,72,99.4,7285.7,24,0,3,1,2,1,0665-XHDJU,0,0,0.13018478668030262,0,0.08597042555669888,6
0,69,60.05,4176.7,24,1,5,3,2,0,8626-PTQGE,0,0,0.025247713117700295,0,0.007175291915915137,8
0,3,69.95,220.45,12,0,3,1,2,0,2988-PLAHS,0,0,0.43602318934362244,0,0.362340000047363,2
0,2,19.5,27.55,1,0,0,0,0,0,1051-GEJLJ,0,0,0.23613970486635885,0,0.27766978169769757,4
0,28,104.8,3046.05,1,0,4,2,2,1,7892-POOKP,1,0,0.49732833648416114,1,0.5852206781145969,1
0,53,24.05,1301.9,12,1,0,0,0,1,3251-YMVWZ,0,0,0.029928807463164144,0,0.021083699537954147,8
0,21,102.8,2110.15,1,0,5,3,2,0,4658-HCOHW,1,0,0.4140455807340707,0,0.49599185838186927,2
0,4,85.65,321.65,1,0,1,0,1,1,7488-MXJIV,1,1,0.7243498906697059,1,0.7335160159501147,0
1,42,55.65,2421.75,1,0,1,1,0,1,8495-PRWFH,0,0,0.2731108447245493,0,0.2316850672209027,4
1,69,29.8,2134.3,12,1,1,1,0,0,9309-BZGNT,0,0,0.0600536997097275,0,0.012936241038572046,7
0,10,19.75,208.25,1,1,0,0,0,0,2428-ZMCTB,0,0,0.15273338674175588,0,0.17239695651952794,5
0,2,80.95,171.15,1,0,1,0,1,0,9878-TNQGW,1,1,0.6746562028250387,1,0.6999901375450686,0
0,1,69.55,69.55,1,0,0,0,0,0,1820-TQVEV,1,1,0.7776653764039482,1,0.6131027101371539,0
0,68,88.15,6148.45,24,0,6,4,2,1,2088-IEBAU,0,0,0.03296056280168187,0,0.022989438449982424,8
0,19,86.0,1532.45,1,1,1,0,1,1,9866-QEVEE,1,0,0.41830382190935755,1,0.5672644253018657,2
1,11,84.8,906.85,1,1,1,0,1,1,4706-AXVKM,1,1,0.5877560470831965,1,0.6955118623849241,0
0,8,20.85,161.65,24,0,0,0,0,0,9030-QGZNL,0,0,0.03675188162412908,0,0.05328779023494988,8
0,61,24.2,1445.2,24,0,0,0,0,1,3580-GICBM,0,0,0.01539757336732126,0,0.008621828009070893,9
1,36,90.85,3186.7,1,0,2,1,1,1,5281-BUZGT,1,0,0.43951752164753605,1,0.5609449176372776,2
0,22,59.75,1374.35,12,1,2,1,1,0,1353-GHZOS,0,0,0.09428866846523584,0,0.13271247521080223,6
0,9,20.35,191.1,24,0,0,0,0,0,5057-RKGLH,0,0,0.034648222384669525,0,0.05074310723895097,8
0,21,103.85,2215.0,1,0,4,2,2,1,7181-OQCUT,0,1,0.5349562442615706,1,0.6183416324455586,1
0,64,110.5,7069.25,24,1,5,3,2,1,9405-GPBBG,0,0,0.11875933900570876,0,0.058935330289228635,6
0,26,75.0,1908.35,12,1,4,2,2,0,5049-MUBWG,0,0,0.11040935286149066,0,0.142090949799928,6
1,45,86.1,3861.45,1,0,2,1,1,0,7460-ITWWP,0,0,0.40667337263353864,0,0.4359070115125311,2
0,1,43.95,43.95,1,1,0,0,0,0,1895-QTKDO,0,0,0.45077231086536934,0,0.3659054404484503,2
0,4,50.05,179.35,1,0,1,1,0,0,0742-MOABM,1,0,0.37696675153878567,0,0.36878406160575594,3
0,61,100.7,6018.65,12,1,4,3,1,1,3096-WPXBT,0,0,0.12378034235151784,0,0.09252031807026068,6
0,28,59.0,1654.45,12,0,2,2,0,1,9473-CBZOP,0,0,0.07668504663026657,0,0.10336183407913327,7
0,14,91.65,1301.0,1,0,2,1,1,1,6692-UDPJC,1,1,0.5367156856574384,1,0.634868931804176,1
0,6,19.15,124.4,12,0,0,0,0,0,2862-JVEOY,0,0,0.039302831249737206,0,0.12508866576102526,8
0,3,25.0,78.25,1,0,0,0,0,0,6542-LWGXJ,0,0,0.34610360700517534,0,0.3014600470704257,3
0,48,45.3,2145.0,1,1,3,2,1,0,0447-BEMNG,1,0,0.15996387509784174,0,0.057942469085832615,5
1,55,88.8,4805.3,24,1,3,2,1,0,9220-ZNKJI,0,0,0.06857543608289297,0,0.05502450288323296,7
0,67,43.9,3097.2,24,0,3,2,1,0,9610-WCESF,0,0,0.0614503739710568,0,0.007385395972460522,7
0,24,29.1,688.0,1,0,1,1,0,0,2770-NSVDG,0,0,0.20895869569160613,0,0.1321769646001113,4
0,20,39.4,825.4,24,1,3,3,0,0,0056-EPFBG,0,0,0.04949809580269204,0,0.015560661075175045,7
0,48,95.5,4627.85,24,0,4,3,1,0,9412-ARGBX,1,0,0.09694599831863154,0,0.05809995336430464,6
0,59,109.15,6557.75,12,1,5,3,2,1,5140-FOMCQ,0,0,0.19822050357562898,0,0.14459633013831477,5
1,8,64.4,581.7,1,1,3,2,1,0,1465-LNTLJ,0,0,0.2307683051471265,0,0.38617981617672203,4
0,7,59.5,415.95,1,0,2,1,1,0,1205-WNWPJ,1,0,0.283934294483856,0,0.4335520843810317,4
0,67,111.3,7482.1,12,0,5,3,2,1,2659-VXMWZ,1,0,0.20477449556013474,0,0.16744966953074158,4
0,67,93.15,6368.2,24,0,3,2,1,1,7159-NOKYQ,0,0,0.09463028435304435,0,0.05085813194837618,6
0,43,20.0,817.95,12,0,0,0,0,0,4955-VCWBI,0,0,0.014014340429160126,0,0.032584854632429334,9
0,69,81.5,5553.25,24,1,5,4,1,1,5930-GBIWP,0,0,0.03634809271167544,0,0.011215327057685692,8
0,51,110.05,5686.4,12,1,5,3,2,1,5027-YOCXN,0,0,0.2114583228544345,0,0.1747062782254004,4
0,1,20.1,20.1,1,0,0,0,0,0,1240-KNSEZ,1,0,0.41367452889831846,0,0.2894350537928502,2
0,68,73.0,5163.0,12,1,4,3,1,1,4227-OJHAL,0,0,0.09270421535547978,0,0.02994677633581362,6
0,21,99.85,1992.55,1,1,3,1,2,1,4686-UXDML,0,0,0.4984878858685222,1,0.5951037529341485,1
0,53,73.9,3958.25,24,1,4,3,1,1,4648-YPBTM,0,0,0.043440906809374284,0,0.019703557467772952,8
0,46,108.65,4903.2,24,0,5,3,2,1,2001-MCUUW,0,0,0.19597140701394686,0,0.10942422183414459,5
0,9,69.4,571.45,1,1,3,1,2,0,0013-MHZWF,0,0,0.38494762451540604,0,0.43478457815205435,2
0,1,19.95,19.95,1,0,0,0,0,0,6286-SUUWT,0,0,0.40813643167598096,0,0.2885882884658562,2
0,63,24.2,1618.2,24,0,0,0,0,1,1705-GUHPV,0,0,0.01539757336732126,0,0.008144890609048593,9
0,6,80.5,463.05,1,1,1,0,1,0,9840-DVNDC,1,1,0.6387035452097717,1,0.5997664493013037,0
0,31,72.45,2156.25,1,1,5,4,1,0,9518-IMLHK,0,0,0.19631550502833495,0,0.11625236722167473,5
0,1,80.5,80.5,1,0,1,0,1,0,2867-UIMSS,1,1,0.8191957853907474,1,0.7032830942987126,0
0,49,19.9,1022.6,24,1,0,0,0,0,9588-YRFHY,0,0,0.022517283885282274,0,0.007979886913409256,8
0,53,19.5,1050.5,24,1,0,0,0,0,9814-AOUDH,0,0,0.03197055823124577,0,0.006691589260602065,8
0,32,80.35,2596.15,1,1,1,1,0,1,5301-GAUUY,1,0,0.3196257254779077,0,0.32669913146157736,3
0,27,49.85,1336.15,1,0,1,1,0,0,4353-HYOJD,0,0,0.17685163477418073,0,0.20782000706303144,5
0,1,29.15,29.15,1,0,1,1,0,0,1816-FLZDK,0,0,0.4621439939594195,0,0.2680818977110274,2
1,55,60.0,3316.1,12,1,2,2,0,1,3605-JISKB,0,0,0.06390456064340663,0,0.04850127156395083,7
0,70,109.5,7534.65,12,1,6,4,2,0,0748-RDGGM,1,0,0.1323425722384228,0,0.07361683303512052,6
0,34,60.8,2042.05,12,0,3,3,0,0,4086-ATNFV,0,0,0.06901447132163384,0,0.05965850184588021,7
0,5,85.4,425.9,1,1,2,1,1,0,0876-WDUUZ,1,1,0.6361402634598946,1,0.5548162019051408,0
0,26,35.4,978.6,12,1,2,2,0,0,5701-GUXDC,0,0,0.06696269325935988,0,0.03790241532893009,7
0,62,86.1,5215.25,24,0,6,4,2,0,9073-ZZIAY,0,0,0.030551524425433404,0,0.02191256352884473,8
0,22,89.1,1949.4,1,1,2,1,1,1,1452-KIOVK,0,0,0.3733683326157399,0,0.4850004571650658,3
0,5,69.95,320.4,1,1,0,0,0,0,9389-ACWBI,0,1,0.5155635329605832,1,0.5085390624888652,1
0,56,25.95,1444.05,24,1,0,0,0,1,4521-WFJAI,0,0,0.02426289920548641,0,0.008240849062440785,8
0,2,20.5,38.25,12,1,0,0,0,0,5857-XRECV,0,0,0.06689842457958854,0,0.11323108163770157,7
0,32,61.4,1864.65,1,1,3,3,0,0,5061-PBXFW,0,0,0.15032919140809217,0,0.10273394319484007,5
0,71,66.85,4748.7,12,1,3,3,0,1,9803-FTJCG,0,0,0.04975096838042121,0,0.019017327932325245,7
0,1,71.65,71.65,1,0,0,0,0,0,8380-PEFPE,1,1,0.7567637723478525,1,0.6266951728669155,0
0,61,19.1,1143.8,12,1,0,0,0,0,1697-LYYYX,0,0,0.024214920433059738,0,0.011672951439140425,8
1,55,74.0,4052.4,1,0,0,0,0,1,0531-ZZJWQ,0,0,0.3608440358169628,0,0.34669161521328995,3
0,4,44.55,174.3,1,0,2,0,2,0,2495-INZWQ,1,0,0.47603753025154527,0,0.46754142627659306,1
0,1,20.1,20.1,1,0,0,0,0,0,3148-BLQJT,1,0,0.41367452889831846,0,0.2894350537928502,2
0,52,102.7,5138.1,1,1,4,2,2,1,4983-CLMLV,0,0,0.3935995098495063,0,0.3304710548962524,2
0,19,88.8,1672.35,1,1,3,3,0,1,1169-WCVAK,0,0,0.2889138753432855,0,0.3107732580880175,3
0,49,56.3,2780.6,12,1,4,2,2,0,1264-FUHCX,0,0,0.09158399165269157,0,0.041084816105625185,6
1,22,69.75,1545.4,1,0,4,3,1,0,5760-WRAHC,0,0,0.28292279297436773,0,0.30850080138196656,4
0,57,94.7,5468.95,12,0,3,2,1,1,2972-YDYUW,0,0,0.14748551869444632,0,0.15399060858574332,5
1,72,97.25,7133.1,12,1,3,1,2,1,3339-EAQNV,0,0,0.13592214647772727,0,0.18133324388092112,6
0,42,54.55,2455.05,1,1,2,2,0,0,1097-FSPVW,0,0,0.17353785753168682,0,0.08859160694879314,5
0,42,63.7,2763.35,12,1,3,2,1,0,2541-YGPKE,0,0,0.07694297960664329,0,0.05989225534548992,7
0,44,20.4,905.55,24,1,0,0,0,0,4625-LAMOB,0,0,0.011782596872553855,0,0.009810390897435323,9
0,72,107.7,7919.8,24,1,5,3,2,1,8915-NNTRC,0,0,0.0606446115475985,0,0.04518153007119384,7
0,38,69.5,2625.25,1,1,0,0,0,0,9767-FFLEM,0,0,0.28770918801395956,0,0.2661381612751566,4
0,61,94.1,5638.3,24,0,3,2,1,1,2533-QVMSK,1,0,0.09479958712675575,0,0.05937503456777007,6
0,22,83.05,1799.3,1,0,1,0,1,1,0921-OHLVP,0,0,0.484832968262843,1,0.6016043986667384,1
0,44,20.6,926.0,12,1,0,0,0,0,9067-SQTNS,0,0,0.015240250131299326,0,0.02397458939617312,9
0,30,100.4,2936.25,1,1,3,1,2,1,1482-OXZSY,0,0,0.44959945166322185,1,0.5420796293452355,2
0,56,19.7,1051.9,24,1,0,0,0,0,3646-ITDGM,0,0,0.032045212748396605,0,0.005924395988516457,8
0,7,69.9,497.3,1,0,0,0,0,0,0958-YHXGP,0,1,0.5150857287159955,1,0.5702686068357964,1
0,13,78.3,1033.95,1,1,1,0,1,0,7018-WBJNK,0,0,0.420823321340445,1,0.5344290734048752,2
0,21,68.65,1493.2,1,0,0,0,0,0,7855-DIWPO,0,0,0.3080198468761374,0,0.45317710625499474,3
0,49,67.4,3306.85,24,1,4,4,0,0,9755-JHNMN,0,0,0.03396813269371735,0,0.010210943166661622,8
0,29,19.85,535.05,12,0,0,0,0,0,4962-CHQPW,0,0,0.01353076731296591,0,0.055075241065715826,9
0,8,95.65,778.1,1,1,2,0,2,1,3585-ISXZP,1,1,0.7309428742156834,1,0.7278378232202916,0
0,1,73.5,73.5,1,1,1,1,0,0,9747-DDZOS,1,1,0.6099334924125418,0,0.47679449292606363,0
0,46,96.05,4399.5,1,1,2,0,2,1,4829-AUOAX,1,0,0.47583652039523067,0,0.4896428672023897,1
0,36,51.05,1815.0,1,1,1,1,0,0,4072-IPYLT,0,0,0.1786836314804066,0,0.12795423225813857,5
1,62,104.85,6312.9,12,0,4,2,2,1,0471-ARVMX,0,0,0.22170447238725852,0,0.25854665939824717,4
1,67,101.4,6841.05,1,1,3,1,2,1,2452-KDRRH,0,0,0.4043271359486757,0,0.40047722838656813,2
1,36,84.1,3021.6,1,0,1,0,1,1,3672-YITQD,1,0,0.4689970564085392,1,0.5959717145235699,2
0,1,45.3,45.3,1,0,0,0,0,0,6582-OIVSP,0,1,0.525524236918837,0,0.4487237052538875,1
0,30,74.65,2308.6,12,1,5,4,1,0,4973-RLZVI,0,0,0.09276478684312597,0,0.061509615270169224,6
0,72,115.5,8312.75,24,1,6,4,2,1,9298-WGMRW,0,0,0.03215746792718114,0,0.041932538480858705,8
0,1,20.2,20.2,1,1,0,0,0,0,1493-AMTIE,1,0,0.3478366754051511,0,0.23106826145487294,3
0,41,20.25,865.0,12,1,0,0,0,0,5924-SNGKP,0,0,0.01520603717493202,0,0.02665589637532229,9
0,13,102.25,1359.0,1,1,3,1,2,1,0871-URUWO,1,1,0.5676015009879285,1,0.6658984540409647,1
0,3,20.75,67.1,1,1,0,0,0,0,0463-WZZKO,0,0,0.21823393200181035,0,0.2200904072391267,4
1,1,45.1,45.1,1,0,0,0,0,0,8080-DDEMJ,1,1,0.6360607142520623,1,0.534054848527378,0
0,22,19.9,400.3,1,0,0,0,0,0,3530-VWVGU,0,0,0.11318269953473466,0,0.14938021124607537,6
1,15,79.4,1156.1,1,0,1,0,1,0,4631-OACRM,1,1,0.5278909126302905,1,0.6806995884447714,1
0,11,41.6,470.6,12,0,2,1,1,0,4905-JEFDW,1,0,0.13188339827055115,0,0.14898740003556435,6
0,1,19.75,19.75,1,1,0,0,0,0,7853-WNZSY,0,0,0.31710784122068586,0,0.2288790496386964,3
1,35,76.05,2747.2,1,0,4,2,2,0,3780-DDGSE,0,0,0.34790554388535244,0,0.3684459929844484,3
1,13,89.05,1169.35,1,1,3,2,1,0,4154-AQUGT,1,0,0.4704144024060541,1,0.5228645881468525,1
0,39,100.45,3801.7,24,0,4,2,2,0,1116-DXXDF,0,0,0.14644095891537867,0,0.12527578850838855,5
0,3,31.0,95.05,1,0,1,1,0,0,3237-AJGEH,1,0,0.423667779951228,0,0.263348325256774,2
0,29,45.9,1332.4,1,0,2,0,2,0,6704-UTUKK,0,0,0.2674824752204643,0,0.2741546324124041,4
